turn_oid,sibling_oids,num_siblings,signature
16,15,1,"((1, 4862, 'Y'), (2, 4862, 'N'))"
20,19,1,"((1, 4957, 'Y'), (2, 4957, 'N'))"
22,21,1,"((1, 4956, 'Y'), (2, 4956, 'N'))"
25,24,1,"((1, 4954, 'Y'), (2, 4954, 'N'))"
40,39,1,"((1, 4939, 'Y'), (2, 4939, 'N'))"
42,41,1,"((1, 4940, 'Y'), (2, 4940, 'N'))"
44,43,1,"((1, 4943, 'Y'), (2, 4943, 'N'))"
46,45,1,"((1, 4942, 'Y'), (2, 4942, 'N'))"
48,47,1,"((1, 4941, 'Y'), (2, 4941, 'N'))"
50,27,1,"((1, 4960, 'Y'), (2, 4960, 'N'))"
54,53,1,"((1, 4962, 'Y'), (2, 4962, 'N'))"
56,55,1,"((1, 4963, 'Y'), (2, 4963, 'N'))"
58,57,1,"((1, 4964, 'Y'), (2, 4964, 'N'))"
60,59,1,"((1, 4967, 'Y'), (2, 4967, 'N'))"
71,70,1,"((1, 5040, 'Y'), (2, 5040, 'N'))"
75,74,1,"((1, 5016, 'Y'), (2, 5016, 'N'))"
77,76,1,"((1, 5017, 'Y'), (2, 5017, 'N'))"
81,80,1,"((1, 5021, 'Y'), (2, 5021, 'N'))"
86,85,1,"((1, 3983, 'Y'), (2, 3983, 'N'))"
132,131,1,"((1, 5392, 'Y'), (2, 5392, 'N'))"
135,134,1,"((1, 5383, 'Y'), (2, 5383, 'N'))"
137,136,1,"((1, 5382, 'Y'), (2, 5382, 'N'))"
144,140,1,"((1, 5279, 'Y'), (2, 5279, 'N'))"
145,141,1,"((1, 5278, 'Y'), (2, 5278, 'N'))"
146,143,1,"((1, 5277, 'Y'), (2, 5277, 'N'))"
148,147,1,"((1, 5276, 'Y'), (2, 5276, 'N'))"
150,149,1,"((1, 5274, 'Y'), (2, 5274, 'N'))"
153,142,1,"((1, 5275, 'Y'), (2, 5275, 'N'))"
155,154,1,"((1, 3890, 'Y'), (2, 3890, 'N'))"
158,157,1,"((1, 5270, 'Y'), (2, 5270, 'N'))"
160,159,1,"((1, 5268, 'Y'), (2, 5268, 'N'))"
162,161,1,"((1, 5267, 'Y'), (2, 5267, 'N'))"
170,169,1,"((1, 5269, 'Y'), (2, 5269, 'N'))"
172,171,1,"((1, 5271, 'Y'), (2, 5271, 'N'))"
174,167,1,"((1, 3555, 'Y'), (2, 3555, 'N'))"
176,175,1,"((1, 3556, 'Y'), (2, 3556, 'N'))"
185,184,1,"((1, 4079, 'Y'), (2, 4079, 'N'))"
187,186,1,"((1, 5260, 'Y'), (2, 5260, 'N'))"
201,200,1,"((1, 5453, 'Y'), (2, 5453, 'N'))"
207,204,1,"((1, 5333, 'Y'), (2, 5333, 'N'))"
211,210,1,"((1, 5122, 'Y'), (2, 5122, 'N'))"
213,212,1,"((1, 5121, 'Y'), (2, 5121, 'N'))"
215,214,1,"((1, 5123, 'Y'), (2, 5123, 'N'))"
217,216,1,"((1, 5249, 'Y'), (2, 5249, 'N'))"
227,226,1,"((1, 5443, 'Y'), (2, 5443, 'N'))"
241,240,1,"((1, 5205, 'Y'), (2, 5205, 'N'))"
253,252,1,"((1, 4848, 'Y'), (2, 4848, 'N'))"
255,254,1,"((1, 4849, 'Y'), (2, 4849, 'N'))"
257,256,1,"((1, 4850, 'Y'), (2, 4850, 'N'))"
259,258,1,"((1, 4851, 'Y'), (2, 4851, 'N'))"
261,260,1,"((1, 4852, 'Y'), (2, 4852, 'N'))"
263,262,1,"((1, 4853, 'Y'), (2, 4853, 'N'))"
266,250,1,"((1, 4845, 'Y'), (2, 4845, 'N'))"
268,267,1,"((1, 4844, 'Y'), (2, 4844, 'N'))"
271,269,1,"((1, 4842, 'Y'), (2, 4842, 'N'))"
288,287,1,"((1, 4814, 'Y'), (2, 4814, 'N'))"
290,289,1,"((1, 4815, 'Y'), (2, 4815, 'N'))"
292,291,1,"((1, 4816, 'Y'), (2, 4816, 'N'))"
294,293,1,"((1, 4817, 'Y'), (2, 4817, 'N'))"
298,297,1,"((1, 4820, 'Y'), (2, 4820, 'N'))"
300,299,1,"((1, 4821, 'Y'), (2, 4821, 'N'))"
303,302,1,"((1, 4823, 'Y'), (2, 4823, 'N'))"
305,304,1,"((1, 4824, 'Y'), (2, 4824, 'N'))"
307,306,1,"((1, 4825, 'Y'), (2, 4825, 'N'))"
309,308,1,"((1, 3410, 'Y'), (2, 3410, 'N'))"
314,313,1,"((1, 4786, 'Y'), (2, 4786, 'N'))"
316,315,1,"((1, 4787, 'Y'), (2, 4787, 'N'))"
318,317,1,"((1, 4788, 'Y'), (2, 4788, 'N'))"
322,321,1,"((1, 4781, 'Y'), (2, 4781, 'N'))"
324,323,1,"((1, 4780, 'Y'), (2, 4780, 'N'))"
326,325,1,"((1, 4779, 'Y'), (2, 4779, 'N'))"
330,329,1,"((1, 4777, 'Y'), (2, 4777, 'N'))"
338,337,1,"((1, 4507, 'Y'), (2, 4507, 'N'))"
340,339,1,"((1, 4508, 'Y'), (2, 4508, 'N'))"
358,357,1,"((1, 3909, 'Y'), (2, 3909, 'N'))"
363,362,1,"((1, 4586, 'Y'), (2, 4586, 'N'))"
365,364,1,"((1, 4587, 'Y'), (2, 4587, 'N'))"
375,374,1,"((1, 4605, 'Y'), (2, 4605, 'N'))"
382,381,1,"((1, 4647, 'Y'), (2, 4647, 'N'))"
384,383,1,"((1, 4646, 'Y'), (2, 4646, 'N'))"
386,385,1,"((1, 4645, 'Y'), (2, 4645, 'N'))"
388,387,1,"((1, 4643, 'Y'), (2, 4643, 'N'))"
390,389,1,"((1, 4636, 'Y'), (2, 4636, 'N'))"
393,392,1,"((1, 4669, 'Y'), (2, 4669, 'N'))"
402,401,1,"((1, 3324, 'Y'), (2, 3324, 'N'))"
404,403,1,"((1, 3325, 'Y'), (2, 3325, 'N'))"
418,417,1,"((1, 4410, 'Y'), (2, 4410, 'N'))"
432,431,1,"((1, 2740, 'Y'), (2, 2740, 'N'))"
434,433,1,"((1, 2724, 'Y'), (2, 2724, 'N'))"
436,435,1,"((1, 2728, 'Y'), (2, 2728, 'N'))"
438,437,1,"((1, 2736, 'Y'), (2, 2736, 'N'))"
440,439,1,"((1, 2733, 'Y'), (2, 2733, 'N'))"
442,441,1,"((1, 2731, 'Y'), (2, 2731, 'N'))"
444,443,1,"((1, 2742, 'Y'), (2, 2742, 'N'))"
446,445,1,"((1, 2745, 'Y'), (2, 2745, 'N'))"
452,451,1,"((1, 290, 'Y'), (2, 290, 'N'))"
457,456,1,"((1, 5146, 'Y'), (2, 5146, 'N'))"
464,463,1,"((1, 5142, 'Y'), (2, 5142, 'N'))"
466,465,1,"((1, 5145, 'Y'), (2, 5145, 'N'))"
467,183,1,"((1, 5256, 'Y'), (2, 5256, 'N'))"
472,470,1,"((1, 54, 'Y'), (2, 54, 'N'))"
474,473,1,"((1, 56, 'Y'), (2, 56, 'N'))"
476,475,1,"((1, 46, 'Y'), (2, 46, 'N'))"
478,477,1,"((1, 4789, 'Y'), (2, 4789, 'N'))"
480,479,1,"((1, 15107, 'Y'), (2, 15107, 'N'))"
485,484,1,"((1, 4130, 'Y'), (2, 4130, 'N'))"
488,487,1,"((1, 3612, 'Y'), (2, 3612, 'N'))"
490,489,1,"((1, 3825, 'Y'), (2, 3825, 'N'))"
492,491,1,"((1, 3708, 'Y'), (2, 3708, 'N'))"
495,493,1,"((1, 4479, 'Y'), (2, 4479, 'N'))"
497,23,1,"((1, 4955, 'Y'), (2, 4955, 'N'))"
501,295,1,"((1, 4818, 'Y'), (2, 4818, 'N'))"
502,296,1,"((1, 4819, 'Y'), (2, 4819, 'N'))"
503,301,1,"((1, 4822, 'Y'), (2, 4822, 'N'))"
505,242,1,"((1, 5204, 'Y'), (2, 5204, 'N'))"
507,506,1,"((1, 5195, 'Y'), (2, 5195, 'N'))"
509,508,1,"((1, 5196, 'Y'), (2, 5196, 'N'))"
511,510,1,"((1, 5197, 'Y'), (2, 5197, 'N'))"
513,512,1,"((1, 5198, 'Y'), (2, 5198, 'N'))"
515,514,1,"((1, 5199, 'Y'), (2, 5199, 'N'))"
518,498,1,"((1, 5215, 'Y'), (2, 5215, 'N'))"
528,527,1,"((1, 5170, 'Y'), (2, 5170, 'N'))"
530,529,1,"((1, 5169, 'Y'), (2, 5169, 'N'))"
532,531,1,"((1, 5168, 'Y'), (2, 5168, 'N'))"
534,533,1,"((1, 5167, 'Y'), (2, 5167, 'N'))"
536,535,1,"((1, 5166, 'Y'), (2, 5166, 'N'))"
538,537,1,"((1, 5165, 'Y'), (2, 5165, 'N'))"
540,539,1,"((1, 5164, 'Y'), (2, 5164, 'N'))"
544,543,1,"((1, 5156, 'Y'), (2, 5156, 'N'))"
546,545,1,"((1, 5157, 'Y'), (2, 5157, 'N'))"
564,563,1,"((1, 4741, 'Y'), (2, 4741, 'N'))"
565,562,1,"((1, 4740, 'Y'), (2, 4740, 'N'))"
601,559,1,"((1, 4997, 'Y'), (2, 4997, 'N'))"
604,603,1,"((1, 70, 'Y'), (2, 70, 'N'))"
606,605,1,"((1, 62, 'Y'), (2, 62, 'N'))"
615,547,1,"((1, 5158, 'Y'), (2, 5158, 'N'))"
617,616,1,"((1, 1566, 'Y'), (2, 1566, 'N'))"
644,30,1,"((1, 4070, 'Y'), (2, 4070, 'N'))"
645,643,1,"((1, 4069, 'Y'), (2, 4069, 'N'))"
710,709,1,"((1, 3601, 'Y'), (2, 3601, 'N'))"
781,775,1,"((1, 1698, 'Y'), (2, 1698, 'N'))"
783,782,1,"((1, 69, 'Y'), (2, 69, 'N'))"
785,784,1,"((1, 64, 'Y'), (2, 64, 'N'))"
813,812,1,"((1, 3259, 'Y'), (2, 3259, 'N'))"
833,832,1,"((1, 4331, 'Y'), (2, 4331, 'N'))"
835,834,1,"((1, 4206, 'Y'), (2, 4206, 'N'))"
839,838,1,"((1, 4208, 'Y'), (2, 4208, 'N'))"
866,865,1,"((1, 4213, 'Y'), (2, 4213, 'N'))"
889,888,1,"((1, 4338, 'Y'), (2, 4338, 'N'))"
926,925,1,"((1, 4148, 'Y'), (2, 4148, 'N'))"
929,928,1,"((1, 4166, 'Y'), (2, 4166, 'N'))"
958,957,1,"((1, 1425, 'Y'), (2, 1425, 'N'))"
964,963,1,"((1, 3271, 'Y'), (2, 3271, 'N'))"
985,984,1,"((1, 1370, 'Y'), (2, 1370, 'N'))"
990,989,1,"((1, 1265, 'Y'), (2, 1265, 'N'))"
1052,1051,1,"((1, 1395, 'Y'), (2, 1395, 'N'))"
1074,1073,1,"((1, 4443, 'Y'), (2, 4443, 'N'))"
1079,1078,1,"((1, 3407, 'Y'), (2, 3407, 'N'))"
1083,1082,1,"((1, 2471, 'Y'), (2, 2471, 'N'))"
1097,1096,1,"((1, 1364, 'Y'), (2, 1364, 'N'))"
1117,1116,1,"((1, 3701, 'Y'), (2, 3701, 'N'))"
1154,1153,1,"((1, 3627, 'Y'), (2, 3627, 'N'))"
1155,552,1,"((1, 11863, 'Y'), (2, 2996, 'N'))"
1160,1159,1,"((1, 2058, 'Y'), (2, 2058, 'N'))"
1187,224,1,"((1, 3680, 'Y'), (2, 3680, 'N'))"
