old_turn_oid_a,old_turn_oid_b,a_maneuver,a_edge1_street,a_edge1_pos,a_edge2_street,a_edge2_pos,a_edge3_street,a_edge3_pos,a_edge4_street,a_edge4_pos,a_edge5_street,a_edge5_pos,a_SHAPE.STLength(),b_maneuver,b_edge1_street,b_edge1_pos,b_edge2_street,b_edge2_pos,b_edge3_street,b_edge3_pos,b_edge4_street,b_edge4_pos,b_edge5_street,b_edge5_pos,b_SHAPE.STLength()
30,29,CONNAUGHT -> CONNAUGHT,CONNAUGHT,0.98087386,CONNAUGHT,0.0229343,,,,,,,9.311526633103206,CONNAUGHT -> CONNAUGHT,CONNAUGHT,0.97670319,CONNAUGHT,0.02703395,,,,,,,11.133026610520005
34,33,UNIVERSITY -> UNIVERSITY,UNIVERSITY,0.94515341,UNIVERSITY,0.04968961,,,,,,,11.845989489171043,UNIVERSITY -> UNIVERSITY,UNIVERSITY,0.94990765,UNIVERSITY,0.04799874,,,,,,,11.115216530911974
36,35,UNIVERSITY -> UNIVERSITY,UNIVERSITY,0.94672597,UNIVERSITY,0.0404895,,,,,,,9.661157012542256,UNIVERSITY -> UNIVERSITY,UNIVERSITY,0.94045591,UNIVERSITY,0.05640815,,,,,,,11.950038694152923
39,38,UNIVERSITY -> UNIVERSITY,UNIVERSITY,0.98379934,UNIVERSITY,0.01784947,,,,,,,3.8940968642897,UNIVERSITY -> UNIVERSITY,UNIVERSITY,0.96672609,UNIVERSITY,0.03589053,,,,,,,7.910470100422818
56,55,ROBIE -> ROBIE,ROBIE,0.97887898,ROBIE,0.02460455,,,,,,,10.645444651953822,ROBIE -> ROBIE,ROBIE,0.98526702,ROBIE,0.01428756,,,,,,,6.754460066842975
58,57,ROBIE -> ROBIE,ROBIE,0.9708167,ROBIE,0.02930797,,,,,,,8.575651454673608,ROBIE -> ROBIE,ROBIE,0.96889316,ROBIE,0.03212088,,,,,,,9.271064045072482
60,59,ROBIE -> ROBIE,ROBIE,0.95571931,ROBIE,0.0438582,,,,,,,8.87027574057947,ROBIE -> ROBIE,ROBIE,0.95432106,ROBIE,0.0397204,,,,,,,8.592512802182112
62,61,ROBIE -> ROBIE,ROBIE,0.96196851,ROBIE,0.03874784,,,,,,,8.114965307571984,ROBIE -> ROBIE,ROBIE,0.95774496,ROBIE,0.04057477,,,,,,,8.754620630259058
64,63,ROBIE -> ROBIE,ROBIE,0.96920845,ROBIE,0.03175607,,,,,,,7.092988310496907,ROBIE -> ROBIE,ROBIE,0.96409292,ROBIE,0.03635937,,,,,,,8.195513364568043
66,41,ROBIE -> ROBIE,ROBIE,0.97763099,ROBIE,0.02256241,,,,,,,6.468383395574549,ROBIE -> ROBIE,ROBIE,0.98283727,ROBIE,0.01668829,,,,,,,4.873200286697728
70,69,ROBIE -> ROBIE,ROBIE,0.96968072,ROBIE,0.03236616,,,,,,,6.094893356639426,ROBIE -> ROBIE,ROBIE,0.96517124,ROBIE,0.03341626,,,,,,,6.63554093265822
72,71,ROBIE -> ROBIE,ROBIE,0.98177805,ROBIE,0.01830657,,,,,,,5.388364012858997,ROBIE -> ROBIE,ROBIE,0.98346945,ROBIE,0.01662447,,,,,,,4.890802400545842
74,73,ROBIE -> ROBIE,ROBIE,0.97849082,ROBIE,0.02303941,,,,,,,6.206631413664471,ROBIE -> ROBIE,ROBIE,0.98150934,ROBIE,0.01788302,,,,,,,5.067665621955955
76,75,ROBIE -> ROBIE,ROBIE,0.96729776,ROBIE,0.03057451,,,,,,,7.649086081285603,ROBIE -> ROBIE,ROBIE,0.97050866,ROBIE,0.02730968,,,,,,,6.866703984641109
102,101,COGSWELL -> COGSWELL,COGSWELL,0.97976963,COGSWELL,0.02148742,,,,,,,4.756535973390292,COGSWELL -> COGSWELL,COGSWELL,0.9506323,COGSWELL,0.04946966,,,,,,,11.272465561453934
107,106,YOUNG -> YOUNG,YOUNG,0.9811228,YOUNG,0.01770369,,,,,,,4.4452173199645735,YOUNG -> YOUNG,YOUNG,0.9792878,YOUNG,0.02077057,,,,,,,5.040788447983363
109,108,YOUNG -> YOUNG,YOUNG,0.98222232,YOUNG,0.01771277,,,,,,,4.314477717865135,YOUNG -> YOUNG,YOUNG,0.98337562,YOUNG,0.01656657,,,,,,,4.034996414023315
113,112,YOUNG -> YOUNG,YOUNG,0.98738006,YOUNG,0.01189662,,,,,,,5.763151478230776,YOUNG -> YOUNG,YOUNG,0.98928286,YOUNG,0.01095378,,,,,,,5.094220039438018
118,117,MUMFORD -> MUMFORD,MUMFORD,0.97280893,MUMFORD,0.027713,,,,,,,7.655053541261324,MUMFORD -> MUMFORD,MUMFORD,0.96685857,MUMFORD,0.03155935,,,,,,,9.02161632274485
215,214,HIGHFIELD PARK -> HIGHFIELD PARK,HIGHFIELD PARK,0.96090956,HIGHFIELD PARK,0.0325574,,,,,,,6.736465129415182,HIGHFIELD PARK -> HIGHFIELD PARK,HIGHFIELD PARK,0.97160006,HIGHFIELD PARK,0.03883892,,,,,,,6.284172508167621
218,217,COMMODORE -> COMMODORE,COMMODORE,0.97617652,COMMODORE,0.02025087,,,,,,,5.865620898039473,COMMODORE -> COMMODORE,COMMODORE,0.9615002,COMMODORE,0.03957615,,,,,,,10.387611772002249
220,219,COMMODORE -> COMMODORE,COMMODORE,0.96939852,COMMODORE,0.03526644,,,,,,,6.501983553714854,COMMODORE -> COMMODORE,COMMODORE,0.96754111,COMMODORE,0.03020651,,,,,,,6.18560245806889
227,223,COMMODORE -> COMMODORE,COMMODORE,0.995861,COMMODORE,0.00412444,,,,,,,5.549616694247938,COMMODORE -> COMMODORE,COMMODORE,0.99263378,COMMODORE,0.00803479,,,,,,,10.341091451046493
228,224,FINLAY -> FINLAY,FINLAY,0.94889326,FINLAY,0.06704958,,,,,,,6.975105196803651,FINLAY -> FINLAY,FINLAY,0.93930363,FINLAY,0.06286656,,,,,,,7.2829484857629705
229,226,LAMONT -> LAMONT,LAMONT,0.98711845,LAMONT,0.01262952,,,,,,,5.015734031084775,LAMONT -> LAMONT,LAMONT,0.98857227,LAMONT,0.01191947,,,,,,,4.590920091221874
231,230,LAMONT -> LAMONT,LAMONT,0.96106716,LAMONT,0.04476328,,,,,,,4.978467106207229,LAMONT -> LAMONT,LAMONT,0.96165678,LAMONT,0.03885284,,,,,,,4.591672620371544
233,232,GALE -> GALE,GALE,0.96840723,GALE,0.04003843,,,,,,,9.951489458565444,GALE -> GALE,GALE,0.97162518,GALE,0.02707908,,,,,,,7.73743157830658
236,225,COMMODORE -> COMMODORE,COMMODORE,0.98853883,COMMODORE,0.01393522,,,,,,,5.7965321446511195,COMMODORE -> COMMODORE,COMMODORE,0.98775758,COMMODORE,0.01361001,,,,,,,5.9107440925340855
238,237,HECTOR -> HECTOR,HECTOR,0.96302895,HECTOR,0.04679478,,,,,,,3.931507676259082,HECTOR -> HECTOR,HECTOR,0.91879922,HECTOR,0.06251908,,,,,,,6.7464784655360495
241,240,COUNTRYVIEW -> COUNTRYVIEW,COUNTRYVIEW,0.98392562,COUNTRYVIEW,0.01808384,,,,,,,5.393710808810755,COUNTRYVIEW -> COUNTRYVIEW,COUNTRYVIEW,0.97423158,COUNTRYVIEW,0.02985508,,,,,,,8.72259129925284
243,242,COUNTRYVIEW -> COUNTRYVIEW,COUNTRYVIEW,0.9754044,COUNTRYVIEW,0.02091364,,,,,,,5.698043681450098,COUNTRYVIEW -> COUNTRYVIEW,COUNTRYVIEW,0.98441071,COUNTRYVIEW,0.02026252,,,,,,,4.487952123204307
245,244,COUNTRYVIEW -> COUNTRYVIEW,COUNTRYVIEW,0.9821666,COUNTRYVIEW,0.01219954,,,,,,,5.358246200800342,COUNTRYVIEW -> COUNTRYVIEW,COUNTRYVIEW,0.98199234,COUNTRYVIEW,0.02016268,,,,,,,6.811609736744326
254,253,FINLAY -> FINLAY,FINLAY,0.98961306,FINLAY,0.00925321,,,,,,,8.457766681263779,FINLAY -> FINLAY,FINLAY,0.9906857,FINLAY,0.00875734,,,,,,,7.773871291928593
256,255,FINLAY -> FINLAY,FINLAY,0.97051933,FINLAY,0.03444726,,,,,,,7.332774606726164,FINLAY -> FINLAY,FINLAY,0.9655498,FINLAY,0.03430385,,,,,,,7.90321537242058
258,251,WRIGHT -> WRIGHT,WRIGHT,0.98485257,WRIGHT,0.0166277,,,,,,,9.399757781444306,WRIGHT -> WRIGHT,WRIGHT,0.98079249,WRIGHT,0.02151134,,,,,,,12.040991192175973
260,259,WRIGHT -> WRIGHT,WRIGHT,0.98408969,WRIGHT,0.01552828,,,,,,,11.375320899435172,WRIGHT -> WRIGHT,WRIGHT,0.98750013,WRIGHT,0.01330805,,,,,,,9.340059812496602
269,268,VICTORIA -> VICTORIA,VICTORIA,0.99138711,VICTORIA,0.01261439,,,,,,,7.196107614459239,VICTORIA -> VICTORIA,VICTORIA,0.98866413,VICTORIA,0.00802823,,,,,,,6.565164416679755
271,270,VICTORIA -> VICTORIA,VICTORIA,0.96326357,VICTORIA,0.04507547,,,,,,,6.41477977662952,VICTORIA -> VICTORIA,VICTORIA,0.96620402,VICTORIA,0.03943192,,,,,,,5.743281318713534
285,284,GLEN MANOR -> GLEN MANOR,GLEN MANOR,0.96156628,GLEN MANOR,0.0416034,,,,,,,4.719811543173885,GLEN MANOR -> GLEN MANOR,GLEN MANOR,0.95973087,GLEN MANOR,0.04562078,,,,,,,5.076333300069244
292,289,GRAHAMS -> GRAHAMS,GRAHAMS,0.96537959,GRAHAMS,0.02942365,,,,,,,4.883417462933965,GRAHAMS -> GRAHAMS,GRAHAMS,0.9509774,GRAHAMS,0.05640691,,,,,,,8.039691959616638
296,295,GORDON -> GORDON,GORDON,0.93742884,GORDON,0.07051681,,,,,,,4.235755787854364,GORDON -> GORDON,GORDON,0.9200895,GORDON,0.07746218,,,,,,,5.009264788821404
298,297,GORDON -> GORDON,GORDON,0.94995622,GORDON,0.0531244,,,,,,,2.8603734816542246,GORDON -> GORDON,GORDON,0.91300123,GORDON,0.06766769,,,,,,,4.286310406453996
300,299,MAIN -> MAIN,MAIN,0.93187931,MAIN,0.10118734,,,,,,,5.690369719422971,MAIN -> MAIN,MAIN,0.90721407,MAIN,0.11554996,,,,,,,7.012912370217481
302,301,MAIN -> MAIN,MAIN,0.95563467,MAIN,0.05233471,,,,,,,5.8988688395624544,MAIN -> MAIN,MAIN,0.93308502,MAIN,0.06067693,,,,,,,7.785270886962536
314,313,PORTLAND -> PORTLAND,PORTLAND,0.95926921,PORTLAND,0.03712845,,,,,,,6.76504724742499,PORTLAND -> PORTLAND,PORTLAND,0.91571594,PORTLAND,0.08646332,,,,,,,14.840852313425046
328,327,PORTLAND -> PORTLAND,PORTLAND,0.94727028,PORTLAND,0.05558325,,,,,,,8.479337102102946,PORTLAND -> PORTLAND,PORTLAND,0.93846964,PORTLAND,0.06013044,,,,,,,9.525291403790726
340,339,CONNAUGHT -> CONNAUGHT,CONNAUGHT,0.95998275,CONNAUGHT,0.04114147,,,,,,,6.986526251903007,CONNAUGHT -> CONNAUGHT,CONNAUGHT,0.96051177,CONNAUGHT,0.04093074,,,,,,,6.922202688523158
342,341,CONNAUGHT -> CONNAUGHT,CONNAUGHT,0.9533628,CONNAUGHT,0.04664926,,,,,,,7.9520100154958255,CONNAUGHT -> CONNAUGHT,CONNAUGHT,0.95933452,CONNAUGHT,0.0419903,,,,,,,7.045664483541396
344,343,CONNAUGHT -> CONNAUGHT,CONNAUGHT,0.96090598,CONNAUGHT,0.03550446,,,,,,,6.42655685730216,CONNAUGHT -> CONNAUGHT,CONNAUGHT,0.95131879,CONNAUGHT,0.04657598,,,,,,,8.204047227772243
346,345,CONNAUGHT -> CONNAUGHT,CONNAUGHT,0.96052744,CONNAUGHT,0.03733601,,,,,,,6.652177826680655,CONNAUGHT -> CONNAUGHT,CONNAUGHT,0.96242924,CONNAUGHT,0.03646002,,,,,,,6.4114324249267565
348,347,CONNAUGHT -> CONNAUGHT,CONNAUGHT,0.96019535,CONNAUGHT,0.0336895,,,,,,,6.343328807743217,CONNAUGHT -> CONNAUGHT,CONNAUGHT,0.95790287,CONNAUGHT,0.04094268,,,,,,,7.166872134892401
350,349,CONNAUGHT -> CONNAUGHT,CONNAUGHT,0.96030289,CONNAUGHT,0.0368465,,,,,,,6.483292919095425,CONNAUGHT -> CONNAUGHT,CONNAUGHT,0.96176049,CONNAUGHT,0.03868295,,,,,,,6.514998143896145
354,337,CONNAUGHT -> CONNAUGHT,CONNAUGHT,0.98242924,CONNAUGHT,0.01547978,,,,,,,6.690773267586477,CONNAUGHT -> CONNAUGHT,CONNAUGHT,0.98159217,CONNAUGHT,0.01709525,,,,,,,7.197147802138029
356,355,CONNAUGHT -> CONNAUGHT,CONNAUGHT,0.9609436,CONNAUGHT,0.03998524,,,,,,,6.871810992793805,CONNAUGHT -> CONNAUGHT,CONNAUGHT,0.94989167,CONNAUGHT,0.04781407,,,,,,,8.513332397094063
359,357,CONNAUGHT -> CONNAUGHT,CONNAUGHT,0.95447659,CONNAUGHT,0.04399849,,,,,,,7.807185361755185,CONNAUGHT -> CONNAUGHT,CONNAUGHT,0.95794029,CONNAUGHT,0.03448058,,,,,,,6.6757905729677045
376,375,AGRICOLA -> AGRICOLA,AGRICOLA,0.86557325,AGRICOLA,0.13924158,,,,,,,11.073544163272143,AGRICOLA -> AGRICOLA,AGRICOLA,0.91807872,AGRICOLA,0.08073788,,,,,,,6.581094497272534
378,377,AGRICOLA -> AGRICOLA,AGRICOLA,0.91660595,AGRICOLA,0.08369669,,,,,,,7.121162274324779,AGRICOLA -> AGRICOLA,AGRICOLA,0.90137622,AGRICOLA,0.09625505,,,,,,,8.305226540311532
380,379,AGRICOLA -> AGRICOLA,AGRICOLA,0.95620015,AGRICOLA,0.04722457,,,,,,,7.3236555410469535,AGRICOLA -> AGRICOLA,AGRICOLA,0.95680995,AGRICOLA,0.04672845,,,,,,,7.233758674986559
382,381,AGRICOLA -> AGRICOLA,AGRICOLA,0.96462576,AGRICOLA,0.04193093,,,,,,,6.736398047214415,AGRICOLA -> AGRICOLA,AGRICOLA,0.95891801,AGRICOLA,0.04048493,,,,,,,7.107229255138955
386,385,AGRICOLA -> AGRICOLA,AGRICOLA,0.9741302,AGRICOLA,0.03026796,,,,,,,4.941691225163863,AGRICOLA -> AGRICOLA,AGRICOLA,0.95428989,AGRICOLA,0.04206652,,,,,,,7.726533128898368
388,387,AGRICOLA -> AGRICOLA,AGRICOLA,0.97136269,AGRICOLA,0.02670689,,,,,,,4.790508145009215,AGRICOLA -> AGRICOLA,AGRICOLA,0.96390678,AGRICOLA,0.02874076,,,,,,,5.612523938581894
391,390,AGRICOLA -> AGRICOLA,AGRICOLA,0.96754247,AGRICOLA,0.03021326,,,,,,,5.476655199273324,AGRICOLA -> AGRICOLA,AGRICOLA,0.96427367,AGRICOLA,0.03389316,,,,,,,6.084464270427486
393,392,AGRICOLA -> AGRICOLA,AGRICOLA,0.97589745,AGRICOLA,0.02222954,,,,,,,6.080597493705644,AGRICOLA -> AGRICOLA,AGRICOLA,0.97702008,AGRICOLA,0.02348475,,,,,,,6.098345027782375
395,394,AGRICOLA -> AGRICOLA,AGRICOLA,0.96946057,AGRICOLA,0.03004887,,,,,,,7.279668608559127,AGRICOLA -> AGRICOLA,AGRICOLA,0.97111882,AGRICOLA,0.03165706,,,,,,,7.273973878974386
397,396,DARTMOUTH -> DARTMOUTH,DARTMOUTH,0.94968424,DARTMOUTH,0.0478555,,,,,,,6.973496905557593,DARTMOUTH -> DARTMOUTH,DARTMOUTH,0.95117727,DARTMOUTH,0.04767397,,,,,,,6.8595688985977645
402,401,KENNY -> KENNY,KENNY,0.93835042,KENNY,0.05931805,,,,,,,6.588098269110637,KENNY -> KENNY,KENNY,0.94627335,KENNY,0.05296199,,,,,,,5.809906338735244
404,403,KENNY -> KENNY,KENNY,0.97890246,KENNY,0.02259412,,,,,,,5.5100227859390625,KENNY -> KENNY,KENNY,0.97353747,KENNY,0.02466788,,,,,,,6.447977120443851
406,405,KENNY -> KENNY,KENNY,0.97336287,KENNY,0.02483566,,,,,,,5.3957327300139335,KENNY -> KENNY,KENNY,0.97062499,KENNY,0.02663472,,,,,,,5.869170386095996
411,410,DEVONSHIRE -> DEVONSHIRE,DEVONSHIRE,0.98231374,DEVONSHIRE,0.01541048,,,,,,,4.038756973662472,DEVONSHIRE -> DEVONSHIRE,DEVONSHIRE,0.97199222,DEVONSHIRE,0.02737582,,,,,,,6.767869630476676
413,412,DEVONSHIRE -> DEVONSHIRE,DEVONSHIRE,0.9805765,DEVONSHIRE,0.01564198,,,,,,,6.056199288665593,DEVONSHIRE -> DEVONSHIRE,DEVONSHIRE,0.98773875,DEVONSHIRE,0.01213897,,,,,,,4.214940153620909
415,414,DEVONSHIRE -> DEVONSHIRE,DEVONSHIRE,0.95138478,DEVONSHIRE,0.05189603,,,,,,,6.231722329194223,DEVONSHIRE -> DEVONSHIRE,DEVONSHIRE,0.9550903,DEVONSHIRE,0.04707919,,,,,,,5.705071487694986
419,418,DEVONSHIRE -> DEVONSHIRE,DEVONSHIRE,0.96652483,DEVONSHIRE,0.03361617,,,,,,,5.484395527492046,DEVONSHIRE -> DEVONSHIRE,DEVONSHIRE,0.95361197,DEVONSHIRE,0.04289213,,,,,,,7.279381293948125
427,426,CHAIN LAKE -> CHAIN LAKE,CHAIN LAKE,0.95917823,CHAIN LAKE,0.03177261,,,,,,,4.817048009346548,CHAIN LAKE -> CHAIN LAKE,CHAIN LAKE,0.96467943,CHAIN LAKE,0.03760659,,,,,,,4.833511182835466
429,428,CHAIN LAKE -> CHAIN LAKE,CHAIN LAKE,0.9767039,CHAIN LAKE,0.02108034,,,,,,,5.449361529924899,CHAIN LAKE -> CHAIN LAKE,CHAIN LAKE,0.97995646,CHAIN LAKE,0.0179617,,,,,,,4.6652113229486005
447,446,HOBSONS LAKE -> HOBSONS LAKE,HOBSONS LAKE,0.96752382,HOBSONS LAKE,0.02555935,,,,,,,5.465916610990271,HOBSONS LAKE -> HOBSONS LAKE,HOBSONS LAKE,0.97161169,HOBSONS LAKE,0.03527111,,,,,,,5.995471403131074
452,451,LACEWOOD -> LACEWOOD,LACEWOOD,0.97984096,LACEWOOD,0.01681928,,,,,,,5.133941666386332,LACEWOOD -> LACEWOOD,LACEWOOD,0.97634514,LACEWOOD,0.02125578,,,,,,,6.144395538812609
454,453,LACEWOOD -> LACEWOOD,LACEWOOD,0.98309719,LACEWOOD,0.016006,,,,,,,5.761350814792424,LACEWOOD -> LACEWOOD,LACEWOOD,0.97904016,LACEWOOD,0.02053853,,,,,,,7.285652834897794
464,463,LACEWOOD -> LACEWOOD,LACEWOOD,0.97634469,LACEWOOD,0.02346578,,,,,,,6.027136375871948,LACEWOOD -> LACEWOOD,LACEWOOD,0.9769105,LACEWOOD,0.02191075,,,,,,,5.752349184646417
471,470,DUNBRACK -> DUNBRACK,DUNBRACK,0.99282926,DUNBRACK,0.00620226,,,,,,,7.593016789469569,DUNBRACK -> DUNBRACK,DUNBRACK,0.99159767,DUNBRACK,0.00888192,,,,,,,9.815770874764729
473,472,DUNBRACK -> DUNBRACK,DUNBRACK,0.98827789,DUNBRACK,0.01173045,,,,,,,8.843056620704452,DUNBRACK -> DUNBRACK,DUNBRACK,0.98977139,DUNBRACK,0.010569,,,,,,,7.8406362111142025
475,474,DUNBRACK -> DUNBRACK,DUNBRACK,0.9898034,DUNBRACK,0.00991667,,,,,,,9.406466195011935,DUNBRACK -> DUNBRACK,DUNBRACK,0.99209372,DUNBRACK,0.00871185,,,,,,,7.774304764541844
477,476,DUNBRACK -> DUNBRACK,DUNBRACK,0.98871957,DUNBRACK,0.01056424,,,,,,,7.647612324670333,DUNBRACK -> DUNBRACK,DUNBRACK,0.98805001,DUNBRACK,0.01235344,,,,,,,8.50921268761573
479,478,KEARNEY LAKE -> KEARNEY LAKE,KEARNEY LAKE,0.90342698,KEARNEY LAKE,0.08958983,,,,,,,8.56980030372852,KEARNEY LAKE -> KEARNEY LAKE,KEARNEY LAKE,0.91553527,KEARNEY LAKE,0.09363945,,,,,,,8.194410875493501
482,481,DUNBRACK -> DUNBRACK,DUNBRACK,0.98521302,DUNBRACK,0.01568574,,,,,,,6.390268613923453,DUNBRACK -> DUNBRACK,DUNBRACK,0.98313209,DUNBRACK,0.018205,,,,,,,7.360086235584342
491,490,WASHMILL LAKE -> WASHMILL LAKE,WASHMILL LAKE,0.98568486,WASHMILL LAKE,0.01539322,,,,,,,5.796308497400014,WASHMILL LAKE -> WASHMILL LAKE,WASHMILL LAKE,0.98188627,WASHMILL LAKE,0.0175454,,,,,,,6.958768501006243
493,492,WASHMILL LAKE -> WASHMILL LAKE,WASHMILL LAKE,0.96922153,WASHMILL LAKE,0.03256629,,,,,,,5.816246066752751,WASHMILL LAKE -> WASHMILL LAKE,WASHMILL LAKE,0.96472059,WASHMILL LAKE,0.03311143,,,,,,,6.278776030668025
507,506,NELSONS LANDING -> NELSONS LANDING,NELSONS LANDING,0.96711654,NELSONS LANDING,0.02515267,,,,,,,5.820406282391025,NELSONS LANDING -> NELSONS LANDING,NELSONS LANDING,0.96844746,NELSONS LANDING,0.03489864,,,,,,,6.689855082026191
522,521,ARSENAL -> ARSENAL,ARSENAL,0.96467143,ARSENAL,0.03006805,,,,,,,4.443234243040948,ARSENAL -> ARSENAL,ARSENAL,0.96317929,ARSENAL,0.02514124,,,,,,,4.215689661723539
524,523,ARSENAL -> ARSENAL,ARSENAL,0.95808731,ARSENAL,0.03869574,,,,,,,5.427947532216268,ARSENAL -> ARSENAL,ARSENAL,0.96356012,ARSENAL,0.03679972,,,,,,,4.932191746141624
526,525,NICKEL -> NICKEL,NICKEL,0.97193996,NICKEL,0.03206984,,,,,,,2.6655475878135864,NICKEL -> NICKEL,NICKEL,0.96898015,NICKEL,0.02952497,,,,,,,2.6843201939825665
528,527,JETTY -> JETTY,JETTY,0.97121194,JETTY,0.0222789,,,,,,,2.8144979698610615,JETTY -> JETTY,JETTY,0.97023127,JETTY,0.0271082,,,,,,,3.063450811516022
530,529,JETTY -> JETTY,JETTY,0.9738279,JETTY,0.02408532,,,,,,,2.7134807922180975,JETTY -> JETTY,JETTY,0.97425041,JETTY,0.02476644,,,,,,,2.7270998876881625
532,531,JETTY -> JETTY,JETTY,0.96726082,JETTY,0.02754811,,,,,,,4.019504208246991,JETTY -> JETTY,JETTY,0.96964946,JETTY,0.03523641,,,,,,,4.3725418593224905
534,533,NICKEL -> NICKEL,NICKEL,0.95415464,NICKEL,0.03821874,,,,,,,4.154229302116492,NICKEL -> NICKEL,NICKEL,0.97472411,NICKEL,0.04026484,,,,,,,3.233628728989597
536,535,NICKEL -> NICKEL,NICKEL,0.96151829,NICKEL,0.03587399,,,,,,,3.7045667569664875,NICKEL -> NICKEL,NICKEL,0.96631593,NICKEL,0.03556908,,,,,,,3.450665316619528
542,541,AKERLEY -> AKERLEY,AKERLEY,0.94605282,AKERLEY,0.05287098,,,,,,,7.329189513288405,AKERLEY -> AKERLEY,AKERLEY,0.95636876,AKERLEY,0.04237801,,,,,,,5.901596587935205
551,550,NANTUCKET -> NANTUCKET,NANTUCKET,0.89526144,NANTUCKET,0.10821621,,,,,,,11.89349864387387,NANTUCKET -> NANTUCKET,NANTUCKET,0.91067276,NANTUCKET,0.08912887,,,,,,,9.967050502108492
558,557,WYSE -> WYSE,WYSE,0.93289094,WYSE,0.0618632,,,,,,,10.992397993033915,WYSE -> WYSE,WYSE,0.93638929,WYSE,0.06180293,,,,,,,10.689639174269741
560,559,WYSE -> WYSE,WYSE,0.92423191,WYSE,0.09214349,,,,,,,8.217772675698066,WYSE -> WYSE,WYSE,0.87038238,WYSE,0.10400672,,,,,,,11.433551285746017
561,267,HIGHFIELD PARK -> HIGHFIELD PARK,HIGHFIELD PARK,0.95014182,HIGHFIELD PARK,0.05422974,,,,,,,7.403219516206297,HIGHFIELD PARK -> HIGHFIELD PARK,HIGHFIELD PARK,0.94398865,HIGHFIELD PARK,0.05306364,,,,,,,7.760219729232788
566,564,PRINCESS MARGARET -> PRINCESS MARGARET,PRINCESS MARGARET,0.9458715,PRINCESS MARGARET,0.05728351,,,,,,,8.086479116025581,PRINCESS MARGARET -> PRINCESS MARGARET,PRINCESS MARGARET,0.9385029,PRINCESS MARGARET,0.05525724,,,,,,,8.474950429690539
568,567,PRINCESS MARGARET -> PRINCESS MARGARET,PRINCESS MARGARET,0.97277663,PRINCESS MARGARET,0.02601584,,,,,,,6.022446207500614,PRINCESS MARGARET -> PRINCESS MARGARET,PRINCESS MARGARET,0.97101437,PRINCESS MARGARET,0.03350062,,,,,,,7.092076750819938
570,569,PRINCESS MARGARET -> PRINCESS MARGARET,PRINCESS MARGARET,0.94660011,PRINCESS MARGARET,0.05842931,,,,,,,3.967326445175201,PRINCESS MARGARET -> PRINCESS MARGARET,PRINCESS MARGARET,0.91613694,PRINCESS MARGARET,0.07485653,,,,,,,5.631011073217055
572,571,GLEBE -> GLEBE,GLEBE,0.8454024,GLEBE,0.14176523,,,,,,,6.304804392107858,GLEBE -> GLEBE,GLEBE,0.83308517,GLEBE,0.19708825,,,,,,,7.741008432033475
574,573,WILDWOOD -> WILDWOOD,WILDWOOD,0.96955624,WILDWOOD,0.0326039,,,,,,,15.789580205877206,WILDWOOD -> WILDWOOD,WILDWOOD,0.96842256,WILDWOOD,0.02898702,,,,,,,15.168636110684945
579,578,MOUNT HOPE -> MOUNT HOPE,MOUNT HOPE,0.98195058,MOUNT HOPE,0.01546361,,,,,,,5.986325929024251,MOUNT HOPE -> MOUNT HOPE,MOUNT HOPE,0.98270409,MOUNT HOPE,0.00911602,,,,,,,4.7145279808692955
582,581,PLEASANT -> PLEASANT,PLEASANT,0.93543637,PLEASANT,0.07459136,,,,,,,9.02175725975416,PLEASANT -> PLEASANT,PLEASANT,0.93466118,PLEASANT,0.06400372,,,,,,,8.3826308867337
584,583,MARINE PARADE -> MARINE PARADE,MARINE PARADE,0.8999202,MARINE PARADE,0.11733861,,,,,,,8.476389016920175,MARINE PARADE -> MARINE PARADE,MARINE PARADE,0.91249344,MARINE PARADE,0.10054308,,,,,,,7.287678856574742
586,585,BONAVENTURE -> BONAVENTURE,BONAVENTURE,0.93497519,BONAVENTURE,0.06958612,,,,,,,5.06558785289556,BONAVENTURE -> BONAVENTURE,BONAVENTURE,0.93137841,BONAVENTURE,0.06900842,,,,,,,5.180591587397202
589,587,EVANS -> EVANS,EVANS,0.9554383,EVANS,0.04340107,,,,,,,8.929390064008524,EVANS -> EVANS,EVANS,0.96074867,EVANS,0.0359475,,,,,,,7.63408726562559
593,37,UNIVERSITY -> UNIVERSITY,UNIVERSITY,0.95286269,UNIVERSITY,0.04649486,,,,,,,8.823102652127883,UNIVERSITY -> UNIVERSITY,UNIVERSITY,0.95834754,UNIVERSITY,0.03793998,,,,,,,7.500408409170515
597,383,AGRICOLA -> AGRICOLA,AGRICOLA,0.94603207,AGRICOLA,0.06010016,,,,,,,9.98647207707594,AGRICOLA -> AGRICOLA,AGRICOLA,0.96573564,AGRICOLA,0.03809226,,,,,,,6.331656473899939
598,384,AGRICOLA -> AGRICOLA,AGRICOLA,0.93533959,AGRICOLA,0.04868212,,,,,,,9.948575578289743,AGRICOLA -> AGRICOLA,AGRICOLA,0.95729245,AGRICOLA,0.04569881,,,,,,,7.758166073824477
599,389,AGRICOLA -> AGRICOLA,AGRICOLA,0.97206989,AGRICOLA,0.02588536,,,,,,,4.747274041249091,AGRICOLA -> AGRICOLA,AGRICOLA,0.96125967,AGRICOLA,0.03096358,,,,,,,6.142543143863396
601,329,PORTLAND -> PORTLAND,PORTLAND,0.9443941,PORTLAND,0.05487957,,,,,,,8.66982416003042,PORTLAND -> PORTLAND,PORTLAND,0.9545499,PORTLAND,0.04792338,,,,,,,7.327547939597338
603,602,PORTLAND ESTATES -> PORTLAND ESTATES,PORTLAND ESTATES,0.93922177,PORTLAND ESTATES,0.06450937,,,,,,,8.502443619328547,PORTLAND ESTATES -> PORTLAND ESTATES,PORTLAND ESTATES,0.92753467,PORTLAND ESTATES,0.07435561,,,,,,,9.96172740772786
605,604,PORTLAND ESTATES -> PORTLAND ESTATES,PORTLAND ESTATES,0.95009271,PORTLAND ESTATES,0.05030709,,,,,,,10.10136432191624,PORTLAND ESTATES -> PORTLAND ESTATES,PORTLAND ESTATES,0.95370494,PORTLAND ESTATES,0.04636211,,,,,,,9.340057420802056
607,606,PORTLAND ESTATES -> PORTLAND ESTATES,PORTLAND ESTATES,0.97337076,PORTLAND ESTATES,0.02707379,,,,,,,11.140577966300482,PORTLAND ESTATES -> PORTLAND ESTATES,PORTLAND ESTATES,0.97609778,PORTLAND ESTATES,0.02387068,,,,,,,9.911582414802604
609,608,PORTLAND ESTATES -> PORTLAND ESTATES,PORTLAND ESTATES,0.96733286,PORTLAND ESTATES,0.02901168,,,,,,,9.431862280961132,PORTLAND ESTATES -> PORTLAND ESTATES,PORTLAND ESTATES,0.9701443,PORTLAND ESTATES,0.03338812,,,,,,,9.670939533143901
611,610,PORTLAND ESTATES -> PORTLAND ESTATES,PORTLAND ESTATES,0.97262126,PORTLAND ESTATES,0.02633129,,,,,,,8.575266121245935,PORTLAND ESTATES -> PORTLAND ESTATES,PORTLAND ESTATES,0.97045153,PORTLAND ESTATES,0.02966727,,,,,,,9.454441279157248
614,594,PORTLAND -> PORTLAND,PORTLAND,0.93252329,PORTLAND,0.05803699,,,,,,,8.470317262319373,PORTLAND -> PORTLAND,PORTLAND,0.91523959,PORTLAND,0.08545451,,,,,,,11.33486354100775
624,623,ALDERNEY -> ALDERNEY,ALDERNEY,0.96262834,ALDERNEY,0.03774636,,,,,,,7.680379690995093,ALDERNEY -> ALDERNEY,ALDERNEY,0.96621565,ALDERNEY,0.03913769,,,,,,,7.439437702947599
626,625,ALDERNEY -> ALDERNEY,ALDERNEY,0.98354936,ALDERNEY,0.0150192,,,,,,,6.761012576745485,ALDERNEY -> ALDERNEY,ALDERNEY,0.98300495,ALDERNEY,0.02053386,,,,,,,8.049581911618013
628,627,ALDERNEY -> ALDERNEY,ALDERNEY,0.95792624,ALDERNEY,0.04839213,,,,,,,8.606369434155944,ALDERNEY -> ALDERNEY,ALDERNEY,0.96691989,ALDERNEY,0.02910133,,,,,,,5.915457834766248
630,629,ALDERNEY -> ALDERNEY,ALDERNEY,0.97338806,ALDERNEY,0.02741793,,,,,,,5.117659116639549,ALDERNEY -> ALDERNEY,ALDERNEY,0.95220725,ALDERNEY,0.04161146,,,,,,,8.469426847287096
632,631,ALDERNEY -> ALDERNEY,ALDERNEY,0.95691682,ALDERNEY,0.04175039,,,,,,,7.918619382644305,ALDERNEY -> ALDERNEY,ALDERNEY,0.96590539,ALDERNEY,0.03033899,,,,,,,6.015068040143365
634,633,ALDERNEY -> ALDERNEY,ALDERNEY,0.96882734,ALDERNEY,0.03131722,,,,,,,5.795968124040542,ALDERNEY -> ALDERNEY,ALDERNEY,0.96192731,ALDERNEY,0.03938576,,,,,,,7.184328909361003
636,635,ALDERNEY -> ALDERNEY,ALDERNEY,0.92415841,ALDERNEY,0.08658159,,,,,,,7.748006859856469,ALDERNEY -> ALDERNEY,ALDERNEY,0.93867365,ALDERNEY,0.06252229,,,,,,,5.912372092212199
640,639,WINDMILL -> WINDMILL,WINDMILL,0.97684289,WINDMILL,0.02541772,,,,,,,6.70800323056543,WINDMILL -> WINDMILL,WINDMILL,0.9803924,WINDMILL,0.02106922,,,,,,,5.612704883969669
642,641,WINDMILL -> WINDMILL,WINDMILL,0.97376535,WINDMILL,0.02381433,,,,,,,7.039807582461636,WINDMILL -> WINDMILL,WINDMILL,0.97538868,WINDMILL,0.02308806,,,,,,,6.709089278747406
662,661,HERRING COVE -> HERRING COVE,HERRING COVE,0.91825253,HERRING COVE,0.08586959,,,,,,,5.832533562964962,HERRING COVE -> HERRING COVE,HERRING COVE,0.91727039,HERRING COVE,0.09586957,,,,,,,6.217597422813874
663,660,HERRING COVE -> HERRING COVE,HERRING COVE,0.95694681,HERRING COVE,0.05151188,,,,,,,4.081761155558893,HERRING COVE -> HERRING COVE,HERRING COVE,0.93982939,HERRING COVE,0.07329235,,,,,,,5.780974399615107
711,656,WINDSOR -> WINDSOR,WINDSOR,0.87032978,WINDSOR,0.1184898,,,,,,,7.990164495452814,WINDSOR -> WINDSOR,WINDSOR,0.854681,WINDSOR,0.12726271,,,,,,,8.786886935269697
714,713,SACKVILLE -> SACKVILLE,SACKVILLE,0.86941096,SACKVILLE,0.14247561,,,,,,,10.2726153062745,SACKVILLE -> SACKVILLE,SACKVILLE,0.88022514,SACKVILLE,0.10974126,,,,,,,8.634256217718285
716,715,SACKVILLE -> SACKVILLE,SACKVILLE,0.86444806,SACKVILLE,0.14656695,,,,,,,8.786356639314088,SACKVILLE -> SACKVILLE,SACKVILLE,0.8475686,SACKVILLE,0.13929832,,,,,,,9.085908362656744
1054,643,WINDMILL -> WINDMILL,WINDMILL,0.97200333,WINDMILL,0.02900865,,,,,,,5.956979324422516,WINDMILL -> WINDMILL,WINDMILL,0.97325435,WINDMILL,0.02147223,,,,,,,5.038167124684804
1056,1055,WINDMILL -> WINDMILL,WINDMILL,0.92732103,WINDMILL,0.06374823,,,,,,,4.244954932927387,WINDMILL -> WINDMILL,WINDMILL,0.91813432,WINDMILL,0.10147634,,,,,,,5.881279928369048
2016,44,SUMMER -> SUMMER,SUMMER,0.98754616,SUMMER,0.01733016,,,,,,,4.379582269206207,SUMMER -> SUMMER,SUMMER,0.97950725,SUMMER,0.02023735,,,,,,,5.989174330592829
2017,2015,SUMMER -> SUMMER,SUMMER,0.98275873,SUMMER,0.02171333,,,,,,,4.963018499711056,SUMMER -> SUMMER,SUMMER,0.97866884,SUMMER,0.02035615,,,,,,,5.310945272543407
3068,3067,ROCKY LAKE -> ROCKY LAKE,ROCKY LAKE,0.93069922,ROCKY LAKE,0.07940759,,,,,,,2.5008141971496842,ROCKY LAKE -> ROCKY LAKE,ROCKY LAKE,0.9134357,ROCKY LAKE,0.07915258,,,,,,,2.7861954797675765
3317,3311,LEGACY -> LEGACY,LEGACY,0.91475479,LEGACY,0.10864021,,,,,,,8.256674085170168,LEGACY -> LEGACY,LEGACY,0.88036994,LEGACY,0.10973832,,,,,,,9.773266777758241
3319,3318,SACKVILLE -> SACKVILLE,SACKVILLE,0.92192161,SACKVILLE,0.07378669,,,,,,,9.695060257779549,SACKVILLE -> SACKVILLE,SACKVILLE,0.90279432,SACKVILLE,0.09627922,,,,,,,12.351409784932718
3321,3320,SACKVILLE -> SACKVILLE,SACKVILLE,0.92392057,SACKVILLE,0.06894408,,,,,,,6.525193280032001,SACKVILLE -> SACKVILLE,SACKVILLE,0.89053239,SACKVILLE,0.09861587,,,,,,,9.369937461007227
3352,3351,CROOKED STICK -> CROOKED STICK,CROOKED STICK,0.96844981,CROOKED STICK,0.03872669,,,,,,,17.915532443834596,CROOKED STICK -> CROOKED STICK,CROOKED STICK,0.96871369,CROOKED STICK,0.02816823,,,,,,,15.214571491064003
3372,3371,BALLYBUNION -> BALLYBUNION,BALLYBUNION,0.88719666,BALLYBUNION,0.10504616,,,,,,,9.323086304655371,BALLYBUNION -> BALLYBUNION,BALLYBUNION,0.88404286,BALLYBUNION,0.10775805,,,,,,,9.570642746718274
3374,3373,GLEN ARBOUR -> GLEN ARBOUR,GLEN ARBOUR,0.94820058,GLEN ARBOUR,0.06259369,,,,,,,22.673011324325614,GLEN ARBOUR -> GLEN ARBOUR,GLEN ARBOUR,0.95484411,GLEN ARBOUR,0.04725322,,,,,,,18.388782173952468
3379,3378,VOYAGEUR -> VOYAGEUR,VOYAGEUR,0.95928202,VOYAGEUR,0.04484169,,,,,,,10.439483122568971,VOYAGEUR -> VOYAGEUR,VOYAGEUR,0.9552083,VOYAGEUR,0.04912017,,,,,,,11.458125554368033
3422,3421,BEECHVILLE PARK -> BEECHVILLE PARK,BEECHVILLE PARK,0.92445657,BEECHVILLE PARK,0.06023311,,,,,,,6.776038247665111,BEECHVILLE PARK -> BEECHVILLE PARK,BEECHVILLE PARK,0.92652016,BEECHVILLE PARK,0.07338901,,,,,,,7.3357086766486725
3446,3445,WESTWOOD -> WESTWOOD,WESTWOOD,0.95497809,WESTWOOD,0.04434471,,,,,,,23.40635212672971,WESTWOOD -> WESTWOOD,WESTWOOD,0.96015559,WESTWOOD,0.0349417,,,,,,,19.584404930544977
3490,3489,EAST CHEZZETCOOK -> EAST CHEZZETCOOK,EAST CHEZZETCOOK,0.930298,EAST CHEZZETCOOK,0.07261294,,,,,,,4.421146573138695,EAST CHEZZETCOOK -> EAST CHEZZETCOOK,EAST CHEZZETCOOK,0.91303893,EAST CHEZZETCOOK,0.09585776,,,,,,,5.6766281971445265
3493,3492,NEBOOKTOOK -> NEBOOKTOOK,NEBOOKTOOK,0.97205805,NEBOOKTOOK,0.02946895,,,,,,,4.060820660429664,NEBOOKTOOK -> NEBOOKTOOK,NEBOOKTOOK,0.95662497,NEBOOKTOOK,0.0476075,,,,,,,6.435264139743788
3522,3521,PORTLAND -> PORTLAND,PORTLAND,0.8881889,PORTLAND,0.12729907,,,,,,,7.074852756953128,PORTLAND -> PORTLAND,PORTLAND,0.87397718,PORTLAND,0.13010187,,,,,,,7.59320659469691
3528,3527,MORRIS LAKE -> MORRIS LAKE,MORRIS LAKE,0.92124292,MORRIS LAKE,0.08303362,,,,,,,8.404395173546115,MORRIS LAKE -> MORRIS LAKE,MORRIS LAKE,0.92594415,MORRIS LAKE,0.07815397,,,,,,,7.907565764891844
3554,3553,MICMAC -> MICMAC,MICMAC,0.96873824,MICMAC,0.03724955,,,,,,,7.611377777297341,MICMAC -> MICMAC,MICMAC,0.95687997,MICMAC,0.04343781,,,,,,,9.605893194920029
3560,3559,HECTOR -> HECTOR,HECTOR,0.92939334,HECTOR,0.07542881,,,,,,,4.287566159329438,HECTOR -> HECTOR,HECTOR,0.91313568,HECTOR,0.07023351,,,,,,,4.610509714600013
3623,3622,WYSE -> WYSE,WYSE,0.88024371,WYSE,0.10564318,,,,,,,9.626267307513524,WYSE -> WYSE,WYSE,0.91047652,WYSE,0.13117032,,,,,,,9.33140601583764
3661,3660,SCIENCE PARK -> SCIENCE PARK,SCIENCE PARK,0.93373439,SCIENCE PARK,0.05793866,,,,,,,5.957655043771982,SCIENCE PARK -> SCIENCE PARK,SCIENCE PARK,0.91548989,SCIENCE PARK,0.07464398,,,,,,,7.6277178301285575
3666,3665,INNOVATION -> INNOVATION,INNOVATION,0.97837321,INNOVATION,0.02214986,,,,,,,5.746973035153258,INNOVATION -> INNOVATION,INNOVATION,0.96310848,INNOVATION,0.03715171,,,,,,,9.71938003625656
3670,3669,BEDROS -> BEDROS,BEDROS,0.89854367,BEDROS,0.09218984,,,,,,,8.787947988852975,BEDROS -> BEDROS,BEDROS,0.91354256,BEDROS,0.09926202,,,,,,,8.42732722953971
3685,3684,PARKLAND -> PARKLAND,PARKLAND,0.9264974,PARKLAND,0.07105692,,,,,,,8.540616786318019,PARKLAND -> PARKLAND,PARKLAND,0.93362713,PARKLAND,0.06600891,,,,,,,7.820743369800548
3705,3704,THOMAS RADDALL -> THOMAS RADDALL,THOMAS RADDALL,0.92871069,THOMAS RADDALL,0.07198895,,,,,,,12.811913645026472,THOMAS RADDALL -> THOMAS RADDALL,THOMAS RADDALL,0.94275012,THOMAS RADDALL,0.05301388,,,,,,,9.850567320234097
3746,3745,HERRING COVE -> HERRING COVE,HERRING COVE,0.86581473,HERRING COVE,0.13189389,,,,,,,11.029560934895239,HERRING COVE -> HERRING COVE,HERRING COVE,0.87600089,HERRING COVE,0.13992734,,,,,,,10.94344227581522
3931,649,QUINPOOL -> QUINPOOL,QUINPOOL,0.96067416,QUINPOOL,0.0430018,,,,,,,6.448516301868275,QUINPOOL -> QUINPOOL,QUINPOOL,0.89617392,QUINPOOL,0.09384929,,,,,,,13.701616464799931
3936,3935,CHEBUCTO -> CHEBUCTO,CHEBUCTO,0.94496087,CHEBUCTO,0.05015815,,,,,,,9.642000812426005,CHEBUCTO -> CHEBUCTO,CHEBUCTO,0.94096958,CHEBUCTO,0.0557076,,,,,,,10.530095914033737
4572,309,PRINCE ARTHUR -> PRINCE ARTHUR,PRINCE ARTHUR,0.97793653,PRINCE ARTHUR,0.01938768,,,,,,,4.035897691986816,PRINCE ARTHUR -> PRINCE ARTHUR,PRINCE ARTHUR,0.95221342,PRINCE ARTHUR,0.0468163,,,,,,,9.21249439973072
