candidate,FDMID,STR_TYPE,ST_CLASS,FULL_NAME
WA baseline,700001965,WA,,SAULS ISLAND WA
WA baseline,700001966,WA,,SAULS ISLAND WA
WA baseline,700001838,WA,,PRIVATEER ISLAND WA
WA baseline,700001839,WA,,PRIVATEER ISLAND WA
WA baseline,700001773,WA,,FRANK GEORGES ISLAND WA
WA baseline,700007179,WA,,FRANK GEORGES ISLAND WA
WA baseline,700007177,WA,,CROUCHER ISLAND WA
WA baseline,700001766,WA,,CROUCHER ISLAND WA
WA baseline,700001680,WA,,LAKE CHARLOTTE WA
WA baseline,700001679,WA,,LAKE CHARLOTTE WA
WA baseline,700001678,WA,,LAKE CHARLOTTE WA
WA baseline,700001681,WA,,SPRUCE ISLAND WA
WA baseline,700001682,WA,,SPRUCE ISLAND WA
WA baseline,700001727,WA,,BIG ISLAND WA
WA baseline,700001726,WA,,BIG ISLAND WA
WA baseline,700001780,WA,,COCHRANS ISLAND WA
WA baseline,700007053,WA,,COCHRANS ISLAND WA
WA baseline,700007054,WA,,OTTER ISLAND WA
WA baseline,700001779,WA,,OTTER ISLAND WA
WA baseline,700007178,WA,,LITTLE INDIAN POINT WA
WA baseline,700001767,WA,,LITTLE INDIAN POINT WA
WA baseline,700001778,WA,,CLARKES ISLAND WA
WA baseline,700001777,WA,,CLARKES ISLAND WA
WA baseline,700001954,WA,,ROGER POWER ISLAND WA
WA baseline,700001955,WA,,ROGER POWER ISLAND WA
WA baseline,700002011,WA,,LONE CLOUD ISLAND WA
WA baseline,700002012,WA,,LONE CLOUD ISLAND WA
WA baseline,700002031,WA,,BETTY ISLAND WA
WA baseline,700002032,WA,,BETTY ISLAND WA
WA baseline,700002055,WA,,PLEASURE ISLAND WA
WA baseline,700002056,WA,,PLEASURE ISLAND WA
WA baseline,700002299,WA,,FREDERICK LAKE WA
WA baseline,700002300,WA,,FREDERICK LAKE WA
WA baseline,700002340,WA,,TROOP ISLAND WA
WA baseline,700002341,WA,,TROOP ISLAND WA
WA baseline,700003694,WA,,HALFTIDE ISLAND WA
WA baseline,700003693,WA,,HALFTIDE ISLAND WA
WA baseline,700006173,WA,,REDMONDS ISLAND WA
WA baseline,700006174,WA,,REDMONDS ISLAND WA
WA baseline,700006913,WA,,CHEZZETCOOK LAKE WA
WA baseline,700006914,WA,,CHEZZETCOOK LAKE WA
WA baseline,700006912,WA,,CHEZZETCOOK LAKE WA
WA baseline,700006915,WA,,CHEZZETCOOK LAKE WA
WA baseline,700006911,WA,,CHEZZETCOOK LAKE WA
WA baseline,700007112,WA,,SIMMONS ISLAND WA
WA baseline,700007113,WA,,SIMMONS ISLAND WA
WA baseline,700007163,WA,,PIG ISLAND WA
WA baseline,700007140,WA,,PIG ISLAND WA
WA baseline,700008464,WA,,CROSS ISLAND WA
WA baseline,700008463,WA,,CROSS ISLAND WA
WA baseline,700010765,WA,,POWERS ISLAND WA
WA baseline,700010766,WA,,POWERS ISLAND WA
WA baseline,700010894,WA,,DAUPHINEES MILL LAKE WA
WA baseline,700011149,WA,,PORTERS LAKE WA
WA baseline,700011101,WA,,PORTERS LAKE WA
WA baseline,700011361,WA,,RYANS ISLAND WA
WA baseline,700011360,WA,,RYANS ISLAND WA
WA baseline,700012336,WA,,CALF ISLAND WA
WA baseline,700012339,WA,,CALF ISLAND WA
WA baseline,700013531,WA,,DEADMAN ISLAND WA
WA baseline,700013530,WA,,DEADMAN ISLAND WA
Emergency access,700501299,BLVD,,WESTWOOD BLVD EMERGENCY ACCESS 01
Emergency access,700012121,DR,,BUCKINGHAM DR EMERGENCY ACCESS 01
Emergency access,700012122,DR,,BUCKINGHAM DR EMERGENCY ACCESS 01
Emergency access,700012115,,,HIGHLAND PARK EMERGENCY ACCESS 01
Transit: TA + digit,700011448,RD,,TA52 RD
Transit: TA + digit,700010615,RD,,TA51 RD
Transit: TA + digit,700010533,RD,,TA50 RD
Transit: TA + digit,700010531,RD,,TA49 RD
Transit: TA + digit,700010528,RD,,TA48 RD
Transit: TA + digit,700010525,RD,,TA47 RD
Transit: TA + digit,700010522,RD,,TA46 RD
Transit: TA + digit,700010519,RD,,TA45 RD
Transit: TA + digit,700010510,RD,,TA44 RD
Transit: TA + digit,700010508,RD,,TA43 RD
Transit: TA + digit,700010507,RD,,TA43 RD
Transit: TA + digit,700010504,RD,,TA42 RD
Transit: TA + digit,700010505,RD,,TA42 RD
Transit: TA + digit,700010502,RD,,TA41 RD
Transit: TA + digit,700500541,RD,,TA41 RD
Transit: TA + digit,700010500,RD,,TA40 RD
Transit: TA + digit,700010495,RD,,TA39 RD
Transit: TA + digit,700010493,RD,,TA38 RD
Transit: TA + digit,700010492,RD,,TA37 RD
Transit: TA + digit,700010490,RD,,TA36 RD
Transit: TA + digit,700010487,RD,,TA35 RD
Transit: TA + digit,700010485,RD,,TA34 RD
Transit: TA + digit,700010484,RD,,TA33 RD
Transit: TA + digit,700010483,RD,,TA32 RD
Transit: TA + digit,700010482,RD,,TA31 RD
Transit: TA + digit,700010479,RD,,TA31 RD
Transit: TA + digit,700010478,RD,,TA31 RD
Transit: TA + digit,700010481,RD,,TA31 RD
Transit: TA + digit,700010477,RD,,TA31 RD
Transit: TA + digit,700010480,RD,,TA31 RD
Transit: TA + digit,700010474,RD,,TA30 RD
Transit: TA + digit,700010475,RD,,TA30 RD
Transit: TA + digit,700010469,RD,,TA29 RD
Transit: TA + digit,700010470,RD,,TA29 RD
Transit: TA + digit,700010471,RD,,TA29 RD
Transit: TA + digit,700010472,RD,,TA29 RD
Transit: TA + digit,700010465,RD,,TA28 RD
Transit: TA + digit,700010466,RD,,TA28 RD
Transit: TA + digit,700010463,RD,,TA27 RD
Transit: TA + digit,700010460,RD,,TA26 RD
Transit: TA + digit,700010455,RD,,TA25 RD
Transit: TA + digit,700010456,RD,,TA25 RD
Transit: TA + digit,700010457,RD,,TA25 RD
Transit: TA + digit,700010452,RD,,TA25 RD
Transit: TA + digit,700010453,RD,,TA25 RD
Transit: TA + digit,700010459,RD,,TA25 RD
Transit: TA + digit,700010458,RD,,TA25 RD
Transit: TA + digit,700010447,RD,,TA24 RD
Transit: TA + digit,700010448,RD,,TA24 RD
Transit: TA + digit,700010449,RD,,TA24 RD
Transit: TA + digit,700010454,RD,,TA24 RD
Transit: TA + digit,700010451,RD,,TA24 RD
Transit: TA + digit,700010450,RD,,TA24 RD
Transit: TA + digit,700010440,RD,,TA23 RD
Transit: TA + digit,700010441,RD,,TA23 RD
Transit: TA + digit,700010443,RD,,TA22 RD
Transit: TA + digit,700010438,RD,,TA21 RD
Transit: TA + digit,700010437,RD,,TA20 RD
Transit: TA + digit,700010432,RD,,TA19 RD
Transit: TA + digit,700010429,RD,,TA18 RD
Transit: TA + digit,700010427,RD,,TA17 RD
Transit: TA + digit,700010428,RD,,TA17 RD
Transit: TA + digit,700010426,RD,,TA17 RD
Transit: TA + digit,700010423,RD,,TA16 RD
Transit: TA + digit,700010425,RD,,TA16 RD
Transit: TA + digit,700010424,RD,,TA16 RD
Transit: TA + digit,700011145,RD,,TA15 RD
Transit: TA + digit,700011146,RD,,TA15 RD
Transit: TA + digit,700011144,RD,,TA15 RD
Transit: TA + digit,700010419,RD,,TA15 RD
Transit: TA + digit,700011138,RD,,TA15 RD
Transit: TA + digit,700011142,RD,,TA15 RD
Transit: TA + digit,700011143,RD,,TA15 RD
Transit: TA + digit,700011141,RD,,TA15 RD
Transit: TA + digit,700010416,RD,,TA14 RD
Transit: TA + digit,700010417,RD,,TA14 RD
Transit: TA + digit,700010410,RD,,TA13 RD
Transit: TA + digit,700010411,RD,,TA13 RD
Transit: TA + digit,700010414,RD,,TA13 RD
Transit: TA + digit,700010412,RD,,TA13 RD
Transit: TA + digit,700010413,RD,,TA13 RD
Transit: TA + digit,700501159,RD,,TA13 RD
Transit: TA + digit,700501160,RD,,TA13 RD
Transit: TA + digit,700501156,RD,,TA13 RD
Transit: TA + digit,700501157,RD,,TA13 RD
Transit: TA + digit,700501158,RD,,TA13 RD
Transit: TA + digit,700010409,RD,,TA12 RD
Transit: TA + digit,700010406,RD,,TA11 RD
Transit: TA + digit,700010404,RD,,TA10 RD
Transit: TA + digit,700010401,RD,,TA9 RD
Transit: TA + digit,700010399,RD,,TA8 RD
Transit: TA + digit,700010398,RD,,TA7 RD
Transit: TA + digit,700010392,RD,,TA6 RD
Transit: TA + digit,700010391,RD,,TA6 RD
Transit: TA + digit,700010393,RD,,TA6 RD
Transit: TA + digit,700010387,RD,,TA5 RD
Transit: TA + digit,700011033,RD,,TA4 RD
Transit: TA + digit,700011038,RD,,TA4 RD
Transit: TA + digit,700010376,RD,,TA4 RD
Transit: TA + digit,700010549,RD,,TA4 RD
Transit: TA + digit,700010377,RD,,TA4 RD
Transit: TA + digit,700011037,RD,,TA4 RD
Transit: TA + digit,700011032,RD,,TA4 RD
Transit: TA + digit,700010378,RD,,TA3 RD
Transit: TA + digit,700010379,RD,,TA3 RD
Transit: TA + digit,700010384,RD,,TA3 RD
Transit: TA + digit,700010380,RD,,TA3 RD
Transit: TA + digit,700010381,RD,,TA3 RD
Transit: TA + digit,700010382,RD,,TA3 RD
Transit: TA + digit,700010383,RD,,TA3 RD
Transit: TA + digit,700010365,RD,,TA2 RD
Transit: TA + digit,700010366,RD,,TA2 RD
Transit: TA + digit,700010367,RD,,TA2 RD
Transit: TA + digit,700010369,RD,,TA2 RD
Transit: TA + digit,700010368,RD,,TA2 RD
Transit: TA + digit,700010370,RD,,TA2 RD
Transit: TA + digit,700010356,RD,,TA1 RD
Transit: TA + digit,700010359,RD,,TA1 RD
Transit: TA + digit,700010360,RD,,TA1 RD
Transit: TA + digit,700010361,RD,,TA1 RD
Transit: TA + digit,700010362,RD,,TA1 RD
Transit: TA + digit,700010363,RD,,TA1 RD
Transit: TA + digit,700010358,RD,,TA1 RD
Transit: TA + digit,700010357,RD,,TA1 RD
Transit: TA prefix,400000315,DR,LOCAL STREET,TANLOR DR
Transit: TA prefix,700003915,DR,,TANLOR DR
Transit: TA prefix,100002100,DR,LOCAL STREET,TALEEN DR
Transit: TA prefix,600000043,RD,LOCAL STREET,TANNER FREDERICK RD
Transit: TA prefix,700010912,RD,,TAYLOR PARK RD
Transit: TA prefix,700002585,RD,,TAYLOR PARK RD
Transit: TA prefix,400000911,RD,,TAYLOR PARK RD
Transit: TA prefix,700010909,RD,,TAYLOR PARK RD
Transit: TA prefix,100000886,DR,LOCAL STREET,TAMARACK DR
Transit: TA prefix,100001374,DR,LOCAL STREET,TAMARACK DR
Transit: TA prefix,100001007,CRT,LOCAL STREET,TANNERY CRT
Transit: TA prefix,600000244,DR,LOCAL STREET,TABITHA DR
Transit: TA prefix,100000902,DR,LOCAL STREET,TAYLOR DR
Transit: TA prefix,100002493,DR,LOCAL STREET,TAYLOR DR
Transit: TA prefix,600000459,DR,,TAYLOR LAKE DR
Transit: TA prefix,100002156,ST,LOCAL STREET,TACHE ST
Transit: TA prefix,100002250,CIR,LOCAL STREET,TAMARACK CIR
Transit: TA prefix,100002252,CIR,LOCAL STREET,TAMARACK CIR
Transit: TA prefix,200002318,DR,MAJOR COLLECTOR,TACOMA DR
Transit: TA prefix,200002322,DR,MAJOR COLLECTOR,TACOMA DR
Transit: TA prefix,200002319,DR,MAJOR COLLECTOR,TACOMA DR
Transit: TA prefix,200002320,DR,MAJOR COLLECTOR,TACOMA DR
Transit: TA prefix,200002321,DR,MAJOR COLLECTOR,TACOMA DR
Transit: TA prefix,200000176,DR,MAJOR COLLECTOR,TACOMA DR
Transit: TA prefix,200002316,CRES,LOCAL STREET,TANTLING CRES
Transit: TA prefix,200002317,CRES,LOCAL STREET,TANTLING CRES
Transit: TA prefix,200001527,CRT,LOCAL STREET,TAMERLANE CRT
Transit: TA prefix,600000241,DR,LOCAL STREET,TARA DR
Transit: TA prefix,600000626,DR,LOCAL STREET,TARA DR
Transit: TA prefix,600000627,DR,LOCAL STREET,TARA DR
Transit: TA prefix,300002658,AVE,LOCAL STREET,TARTAN AVE
Transit: TA prefix,300002651,AVE,LOCAL STREET,TARTAN AVE
Transit: TA prefix,300002641,AVE,LOCAL STREET,TARTAN AVE
Transit: TA prefix,300002631,AVE,LOCAL STREET,TARTAN AVE
Transit: TA prefix,300002625,AVE,LOCAL STREET,TARTAN AVE
Transit: TA prefix,600000795,CRES,LOCAL STREET,TANTALLON CRES
Transit: TA prefix,600001223,CRES,LOCAL STREET,TANTALLON CRES
Transit: TA prefix,600000101,CRES,LOCAL STREET,TANTALLON CRES
Transit: TA prefix,300003421,DR,LOCAL STREET,TAMARACK DR
Transit: TA prefix,300003422,DR,LOCAL STREET,TAMARACK DR
Transit: TA prefix,300002924,DR,LOCAL STREET,TAMARACK DR
Transit: TA prefix,300002926,DR,LOCAL STREET,TAMARACK DR
Transit: TA prefix,600000472,DR,,TAYLOR DR
Transit: TA prefix,300002788,LANE,,TANGLEWOOD LANE
Transit: TA prefix,600001064,CRES,LOCAL STREET,TATTENHAM CRES
Transit: TA prefix,300000757,CRES,LOCAL STREET,TANGMERE CRES
Transit: TA prefix,700001303,LANE,,TALL TREES LANE
Transit: TA prefix,300003505,CRT,LOCAL STREET,TAYBERRY CRT
Transit: TA prefix,700007666,CRT,LOCAL STREET,TAYBERRY CRT
Transit: TA prefix,700007665,CRT,LOCAL STREET,TAYBERRY CRT
Transit: TA prefix,600001196,DR,,TANNER JAMES DR
Transit: TA prefix,600001197,DR,,TANNER JAMES DR
Transit: TA prefix,700001970,RD,,TAILEND RD
Transit: TA prefix,100000897,DR,LOCAL STREET,TALISMAN DR
Transit: TA prefix,700002113,LANE,,TARIN LANE
Transit: TA prefix,700002124,CRT,LOCAL STREET,TATTINGSTONE CRT
Transit: TA prefix,700002125,CRT,LOCAL STREET,TATTINGSTONE CRT
Transit: TA prefix,700002126,CRT,LOCAL STREET,TATTINGSTONE CRT
Transit: TA prefix,700007518,CRT,,TATNELL CRT
Transit: TA prefix,700003213,LANE,,TAPAWINGO LANE
Transit: TA prefix,700006442,RD,LOCAL STREET,TARMAC RD
Transit: TA prefix,700002551,LANE,,TATTIO LANE
Transit: TA prefix,400000265,AVE,LOCAL STREET,TANNER AVE
Transit: TA prefix,700002708,LANE,,TAMARACK LANE
Transit: TA prefix,300000639,CRT,LOCAL STREET,TANGMERE CRT
Transit: TA prefix,700007618,CRT,LOCAL STREET,TANGMERE CRT
Transit: TA prefix,700007617,CRT,LOCAL STREET,TANGMERE CRT
Transit: TA prefix,700005890,CRT,LOCAL STREET,TAKOUHIE CRT
Transit: TA prefix,700005891,LANE,LOCAL STREET,TAYLORWOOD LANE
Transit: TA prefix,700007864,LANE,,TAMRIDGE LANE
Transit: TA prefix,700008448,CRT,,TAHOE CRT
Transit: TA prefix,700008587,LANE,,TARRAGON LANE
Transit: TA prefix,200001753,AVE,LOCAL STREET,TALLAHASSEE AVE
Transit: TA prefix,700011203,AVE,LOCAL STREET,TALUS AVE
Transit: TA prefix,700011371,AVE,LOCAL STREET,TALUS AVE
Transit: TA prefix,700011431,WAY,,TANG WAY
Transit: TA prefix,200001692,DR,LOCAL STREET,TAMARA DR
Transit: TA prefix,700003740,DR,LOCAL STREET,TAMARA DR
Transit: TA prefix,700003742,DR,LOCAL STREET,TAMARA DR
Transit: TA prefix,700003743,DR,LOCAL STREET,TAMARA DR
Transit: TA prefix,200001715,DR,LOCAL STREET,TARANAKI DR
Transit: TA prefix,200002376,DR,LOCAL STREET,TARANAKI DR
Transit: TA prefix,200002375,DR,LOCAL STREET,TARANAKI DR
Transit: TA prefix,200001716,DR,LOCAL STREET,TARANAKI DR
Transit: TA prefix,700011448,RD,,TA52 RD
Transit: TA prefix,700010615,RD,,TA51 RD
Transit: TA prefix,700010533,RD,,TA50 RD
Transit: TA prefix,700010531,RD,,TA49 RD
Transit: TA prefix,700010528,RD,,TA48 RD
Transit: TA prefix,700010525,RD,,TA47 RD
Transit: TA prefix,700010522,RD,,TA46 RD
Transit: TA prefix,700010519,RD,,TA45 RD
Transit: TA prefix,700010510,RD,,TA44 RD
Transit: TA prefix,700010508,RD,,TA43 RD
Transit: TA prefix,700010507,RD,,TA43 RD
Transit: TA prefix,700010504,RD,,TA42 RD
Transit: TA prefix,700010505,RD,,TA42 RD
Transit: TA prefix,700010502,RD,,TA41 RD
Transit: TA prefix,700500541,RD,,TA41 RD
Transit: TA prefix,700010500,RD,,TA40 RD
Transit: TA prefix,700010495,RD,,TA39 RD
Transit: TA prefix,700010493,RD,,TA38 RD
Transit: TA prefix,700010492,RD,,TA37 RD
Transit: TA prefix,700010490,RD,,TA36 RD
Transit: TA prefix,700010487,RD,,TA35 RD
Transit: TA prefix,700010485,RD,,TA34 RD
Transit: TA prefix,700010484,RD,,TA33 RD
Transit: TA prefix,700010483,RD,,TA32 RD
Transit: TA prefix,700010482,RD,,TA31 RD
Transit: TA prefix,700010479,RD,,TA31 RD
Transit: TA prefix,700010478,RD,,TA31 RD
Transit: TA prefix,700010481,RD,,TA31 RD
Transit: TA prefix,700010477,RD,,TA31 RD
Transit: TA prefix,700010480,RD,,TA31 RD
Transit: TA prefix,700010474,RD,,TA30 RD
Transit: TA prefix,700010475,RD,,TA30 RD
Transit: TA prefix,700010469,RD,,TA29 RD
Transit: TA prefix,700010470,RD,,TA29 RD
Transit: TA prefix,700010471,RD,,TA29 RD
Transit: TA prefix,700010472,RD,,TA29 RD
Transit: TA prefix,700010465,RD,,TA28 RD
Transit: TA prefix,700010466,RD,,TA28 RD
Transit: TA prefix,700010463,RD,,TA27 RD
Transit: TA prefix,700010460,RD,,TA26 RD
Transit: TA prefix,700010455,RD,,TA25 RD
Transit: TA prefix,700010456,RD,,TA25 RD
Transit: TA prefix,700010457,RD,,TA25 RD
Transit: TA prefix,700010452,RD,,TA25 RD
Transit: TA prefix,700010453,RD,,TA25 RD
Transit: TA prefix,700010459,RD,,TA25 RD
Transit: TA prefix,700010458,RD,,TA25 RD
Transit: TA prefix,700010447,RD,,TA24 RD
Transit: TA prefix,700010448,RD,,TA24 RD
Transit: TA prefix,700010449,RD,,TA24 RD
Transit: TA prefix,700010454,RD,,TA24 RD
Transit: TA prefix,700010451,RD,,TA24 RD
Transit: TA prefix,700010450,RD,,TA24 RD
Transit: TA prefix,700010440,RD,,TA23 RD
Transit: TA prefix,700010441,RD,,TA23 RD
Transit: TA prefix,700010443,RD,,TA22 RD
Transit: TA prefix,700010438,RD,,TA21 RD
Transit: TA prefix,400000353,CRT,LOCAL STREET,TALL TREES CRT
Transit: TA prefix,700010437,RD,,TA20 RD
Transit: TA prefix,700010432,RD,,TA19 RD
Transit: TA prefix,700010429,RD,,TA18 RD
Transit: TA prefix,700010427,RD,,TA17 RD
Transit: TA prefix,700010428,RD,,TA17 RD
Transit: TA prefix,700010426,RD,,TA17 RD
Transit: TA prefix,700010423,RD,,TA16 RD
Transit: TA prefix,700010425,RD,,TA16 RD
Transit: TA prefix,700010424,RD,,TA16 RD
Transit: TA prefix,700011145,RD,,TA15 RD
Transit: TA prefix,700011146,RD,,TA15 RD
Transit: TA prefix,700011144,RD,,TA15 RD
Transit: TA prefix,700010419,RD,,TA15 RD
Transit: TA prefix,700011138,RD,,TA15 RD
Transit: TA prefix,700011142,RD,,TA15 RD
Transit: TA prefix,700011143,RD,,TA15 RD
Transit: TA prefix,700011141,RD,,TA15 RD
Transit: TA prefix,700010416,RD,,TA14 RD
Transit: TA prefix,700010417,RD,,TA14 RD
Transit: TA prefix,700010410,RD,,TA13 RD
Transit: TA prefix,700010411,RD,,TA13 RD
Transit: TA prefix,700010414,RD,,TA13 RD
Transit: TA prefix,700010412,RD,,TA13 RD
Transit: TA prefix,700010413,RD,,TA13 RD
Transit: TA prefix,700501159,RD,,TA13 RD
Transit: TA prefix,700501160,RD,,TA13 RD
Transit: TA prefix,700501156,RD,,TA13 RD
Transit: TA prefix,700501157,RD,,TA13 RD
Transit: TA prefix,700501158,RD,,TA13 RD
Transit: TA prefix,700010409,RD,,TA12 RD
Transit: TA prefix,700010406,RD,,TA11 RD
Transit: TA prefix,700010404,RD,,TA10 RD
Transit: TA prefix,700010401,RD,,TA9 RD
Transit: TA prefix,700010399,RD,,TA8 RD
Transit: TA prefix,700010398,RD,,TA7 RD
Transit: TA prefix,700010392,RD,,TA6 RD
Transit: TA prefix,700010391,RD,,TA6 RD
Transit: TA prefix,700010393,RD,,TA6 RD
Transit: TA prefix,700010387,RD,,TA5 RD
Transit: TA prefix,700011033,RD,,TA4 RD
Transit: TA prefix,700011038,RD,,TA4 RD
Transit: TA prefix,700010376,RD,,TA4 RD
Transit: TA prefix,700010549,RD,,TA4 RD
Transit: TA prefix,700010377,RD,,TA4 RD
Transit: TA prefix,700011037,RD,,TA4 RD
Transit: TA prefix,700011032,RD,,TA4 RD
Transit: TA prefix,700010378,RD,,TA3 RD
Transit: TA prefix,700010379,RD,,TA3 RD
Transit: TA prefix,700010384,RD,,TA3 RD
Transit: TA prefix,700010380,RD,,TA3 RD
Transit: TA prefix,700010381,RD,,TA3 RD
Transit: TA prefix,700010382,RD,,TA3 RD
Transit: TA prefix,700010383,RD,,TA3 RD
Transit: TA prefix,700010365,RD,,TA2 RD
Transit: TA prefix,700010366,RD,,TA2 RD
Transit: TA prefix,700010367,RD,,TA2 RD
Transit: TA prefix,700010369,RD,,TA2 RD
Transit: TA prefix,700010368,RD,,TA2 RD
Transit: TA prefix,700010370,RD,,TA2 RD
Transit: TA prefix,700010356,RD,,TA1 RD
Transit: TA prefix,700010359,RD,,TA1 RD
Transit: TA prefix,700010360,RD,,TA1 RD
Transit: TA prefix,700010361,RD,,TA1 RD
Transit: TA prefix,700010362,RD,,TA1 RD
Transit: TA prefix,700010363,RD,,TA1 RD
Transit: TA prefix,700010358,RD,,TA1 RD
Transit: TA prefix,700010357,RD,,TA1 RD
ETA: name search,700006041,,EXPRESSWAY,HIGHWAY 101 ETA 294
ETA: name search,700007877,,EXPRESSWAY,HIGHWAY 103 ETA 289
ETA: name search,700005603,,EXPRESSWAY,HIGHWAY 103 ETA 276
ETA: name search,700006027,,EXPRESSWAY,HIGHWAY 102 ETA 26
ETA: name search,700006028,,EXPRESSWAY,HIGHWAY 118 ETA 14
ETA: name search,700005595,,EXPRESSWAY,HIGHWAY 103 ETA 280
ETA: name search,700007975,,EXPRESSWAY,HIGHWAY 118 ETA 5
ETA: name search,700006190,,EXPRESSWAY,HIGHWAY 102 ETA 23
ETA: name search,700007087,,EXPRESSWAY,HIGHWAY 103 ETA 288
ETA: name search,700006026,,EXPRESSWAY,HIGHWAY 102 ETA 29
ETA: name search,700006025,,EXPRESSWAY,HIGHWAY 102 ETA 30
ETA: name search,700006631,,EXPRESSWAY,HIGHWAY 101 ETA 296
ETA: name search,700007557,,EXPRESSWAY,HIGHWAY 103 ETA 282
ETA: name search,700006030,,EXPRESSWAY,HIGHWAY 118 ETA 11
ETA: name search,700006022,,EXPRESSWAY,HIGHWAY 102 ETA 41
ETA: name search,700006036,,EXPRESSWAY,HIGHWAY 102 ETA 18
ETA: name search,700006023,,EXPRESSWAY,HIGHWAY 102 ETA 36
ETA: name search,700006024,,EXPRESSWAY,HIGHWAY 102 ETA 33
ETA: name search,700007874,,EXPRESSWAY,HIGHWAY 103 ETA 292
ETA: name search,700006042,,EXPRESSWAY,HIGHWAY 101 ETA 290
ETA: name search,700013518,,EXPRESSWAY,HIGHWAY 103 ETA 270
ETA: name search,700013520,,EXPRESSWAY,HIGHWAY 103 ETA 266
