turn_oid,old_edge_1,old_edge_2,rightful_new_edge_1,rightful_new_edge_2,category
16,14371,14820,,,UNRESOLVED
15,14820,14371,,,UNRESOLVED
20,15777,15378,,,UNRESOLVED
19,15378,15777,,,UNRESOLVED
22,15094,15268,,,UNRESOLVED
21,15268,15094,,,UNRESOLVED
25,15776,14884,,,UNRESOLVED
24,14884,15776,,,UNRESOLVED
40,14891,15779,,,UNRESOLVED
39,15779,14891,,,UNRESOLVED
42,15398,14351,,,UNRESOLVED
41,14351,15398,,,UNRESOLVED
44,14889,14352,,,UNRESOLVED
43,14352,14889,,,UNRESOLVED
46,15356,15834,,,UNRESOLVED
45,15834,15356,,,UNRESOLVED
48,14890,15835,,,UNRESOLVED
47,15835,14890,,,UNRESOLVED
50,14881,15292,,,UNRESOLVED
27,15292,14881,,,UNRESOLVED
54,14880,15839,,,UNRESOLVED
53,15839,14880,,,UNRESOLVED
56,14879,14374,,,UNRESOLVED
55,14374,14879,,,UNRESOLVED
58,15350,14375,,,UNRESOLVED
57,14375,15350,,,UNRESOLVED
60,15349,14376,,,UNRESOLVED
59,14376,15349,,,UNRESOLVED
71,14676,15105,,,UNRESOLVED
70,15105,14676,,,UNRESOLVED
75,14682,14350,,,UNRESOLVED
74,14350,14682,,,UNRESOLVED
77,15249,15778,,,UNRESOLVED
76,15778,15249,,,UNRESOLVED
81,15247,14349,,,UNRESOLVED
80,14349,15247,,,UNRESOLVED
86,16030,15624,,,UNRESOLVED
85,15624,16030,,,UNRESOLVED
132,15736,14627,,,UNRESOLVED
131,14627,15736,,,UNRESOLVED
135,14629,14630,,,UNRESOLVED
134,14630,14629,,,UNRESOLVED
137,14628,14631,,,UNRESOLVED
136,14631,14628,,,UNRESOLVED
144,14693,15961,,,UNRESOLVED
140,15961,14693,,,UNRESOLVED
145,14694,15916,,,UNRESOLVED
141,15916,14694,,,UNRESOLVED
146,14643,14695,,,UNRESOLVED
143,14695,14643,,,UNRESOLVED
148,14690,14696,,,UNRESOLVED
147,14696,14690,,,UNRESOLVED
150,14697,14691,,,UNRESOLVED
149,14691,14697,,,UNRESOLVED
153,14642,15962,,,UNRESOLVED
142,15962,14642,,,UNRESOLVED
155,15534,15535,,,UNRESOLVED
154,15535,15534,,,UNRESOLVED
158,14699,14652,,,UNRESOLVED
157,14652,14699,,,UNRESOLVED
160,14700,14552,,,UNRESOLVED
159,14552,14700,,,UNRESOLVED
162,14701,15613,,,UNRESOLVED
161,15613,14701,,,UNRESOLVED
170,14651,15965,,,UNRESOLVED
169,15965,14651,,,UNRESOLVED
172,14689,14698,,,UNRESOLVED
171,14698,14689,,,UNRESOLVED
174,15384,15431,,,UNRESOLVED
167,15431,15384,,,UNRESOLVED
176,15429,15430,,,UNRESOLVED
175,15430,15429,,,UNRESOLVED
185,16019,16219,,,UNRESOLVED
184,16219,16019,,,UNRESOLVED
187,15969,14468,,,UNRESOLVED
186,14468,15969,,,UNRESOLVED
201,14596,15664,,,UNRESOLVED
200,15664,14596,,,UNRESOLVED
207,15842,14567,,,UNRESOLVED
204,14567,15842,,,UNRESOLVED
211,15177,14757,,,UNRESOLVED
210,14757,15177,,,UNRESOLVED
213,14754,15178,,,UNRESOLVED
212,15178,14754,,,UNRESOLVED
215,14756,15176,,,UNRESOLVED
214,15176,14756,,,UNRESOLVED
217,14708,14707,,,UNRESOLVED
216,14707,14708,,,UNRESOLVED
227,14602,14603,,5443,UNRESOLVED
226,14603,14602,5443,,UNRESOLVED
241,15062,15060,,,UNRESOLVED
240,15060,15062,,,UNRESOLVED
253,14321,15522,,,UNRESOLVED
252,15522,14321,,,UNRESOLVED
255,15658,15521,,,UNRESOLVED
254,15521,15658,,,UNRESOLVED
257,15660,15520,,,UNRESOLVED
256,15520,15660,,,UNRESOLVED
259,14322,14824,,,UNRESOLVED
258,14824,14322,,,UNRESOLVED
261,15709,15519,,,UNRESOLVED
260,15519,15709,,,UNRESOLVED
263,15710,15518,,,UNRESOLVED
262,15518,15710,,,UNRESOLVED
266,14827,14778,,,UNRESOLVED
250,14778,14827,,,UNRESOLVED
268,14828,14387,,,UNRESOLVED
267,14387,14828,,,UNRESOLVED
271,14829,15897,,,UNRESOLVED
269,15897,14829,,,UNRESOLVED
288,14357,14841,,,UNRESOLVED
287,14841,14357,,,UNRESOLVED
290,14356,14840,,,UNRESOLVED
289,14840,14356,,,UNRESOLVED
292,14355,15568,,,UNRESOLVED
291,15568,14355,,,UNRESOLVED
294,14354,15567,,,UNRESOLVED
293,15567,14354,,,UNRESOLVED
298,15781,14838,,,UNRESOLVED
297,14838,15781,,,UNRESOLVED
300,14353,14837,,,UNRESOLVED
299,14837,14353,,,UNRESOLVED
303,14358,15565,,,UNRESOLVED
302,15565,14358,,,UNRESOLVED
305,14359,15564,,,UNRESOLVED
304,15564,14359,,,UNRESOLVED
307,14360,15563,,,UNRESOLVED
306,15563,14360,,,UNRESOLVED
309,14308,15634,13285,,UNRESOLVED
308,15634,14308,,13285,UNRESOLVED
314,14848,15610,,,UNRESOLVED
313,15610,14848,,,UNRESOLVED
316,14847,14546,,,UNRESOLVED
315,14546,14847,,,UNRESOLVED
318,15574,15956,,,UNRESOLVED
317,15956,15574,,,UNRESOLVED
322,15578,14414,,,UNRESOLVED
321,14414,15578,,,UNRESOLVED
324,15579,15112,,,UNRESOLVED
323,15112,15579,,,UNRESOLVED
326,15580,15113,,,UNRESOLVED
325,15113,15580,,,UNRESOLVED
330,14851,14309,,,UNRESOLVED
329,14309,14851,,,UNRESOLVED
338,14449,15925,,,UNRESOLVED
337,15925,14449,,,UNRESOLVED
340,15290,14971,,,UNRESOLVED
339,14971,15290,,,UNRESOLVED
358,16040,16041,,,UNRESOLVED
357,16041,16040,,,UNRESOLVED
363,14489,15805,,,UNRESOLVED
362,15805,14489,,,UNRESOLVED
365,14538,15804,,,UNRESOLVED
364,15804,14538,,,UNRESOLVED
375,16135,14934,,,UNRESOLVED
374,14934,16135,,,UNRESOLVED
382,15745,14638,4647,13197,LIKELY_BUG
381,14638,15745,13197,4647,LIKELY_BUG
384,14810,15502,4646,13306,LIKELY_BUG
383,15502,14810,13306,4646,LIKELY_BUG
386,15746,14639,4645,13379,LIKELY_BUG
385,14639,15746,13379,4645,LIKELY_BUG
388,14812,14811,4643,4644,LIKELY_BUG
387,14811,14812,4644,4643,LIKELY_BUG
390,14813,15747,,,UNRESOLVED
389,15747,14813,,,UNRESOLVED
393,14637,14800,,,UNRESOLVED
392,14800,14637,,,UNRESOLVED
402,14555,16006,,,UNRESOLVED
401,16006,14555,,,UNRESOLVED
404,15641,15642,,,UNRESOLVED
403,15642,15641,,,UNRESOLVED
418,14895,14899,,,UNRESOLVED
417,14899,14895,,,UNRESOLVED
432,15437,15221,,,UNRESOLVED
431,15221,15437,,,UNRESOLVED
434,15445,15322,,,UNRESOLVED
433,15322,15445,,,UNRESOLVED
436,15443,15444,,,UNRESOLVED
435,15444,15443,,,UNRESOLVED
438,15438,15439,,,UNRESOLVED
437,15439,15438,,,UNRESOLVED
440,15440,15441,,,UNRESOLVED
439,15441,15440,,,UNRESOLVED
442,15151,15442,,,UNRESOLVED
441,15442,15151,,,UNRESOLVED
444,15436,15435,,,UNRESOLVED
443,15435,15436,,,UNRESOLVED
446,15433,15434,,,UNRESOLVED
445,15434,15433,,,UNRESOLVED
452,15908,14244,,,UNRESOLVED
451,14244,15908,,,UNRESOLVED
457,14748,14749,,,UNRESOLVED
456,14749,14748,,,UNRESOLVED
464,16183,15129,,,UNRESOLVED
463,15129,16183,,,UNRESOLVED
466,14744,14750,,,UNRESOLVED
465,14750,14744,,,UNRESOLVED
467,14705,15971,,,UNRESOLVED
183,15971,14705,,,UNRESOLVED
472,15187,14661,,,UNRESOLVED
470,14661,15187,,,UNRESOLVED
474,16190,15188,,,UNRESOLVED
473,15188,16190,,,UNRESOLVED
476,14659,14660,,,UNRESOLVED
475,14660,14659,,,UNRESOLVED
478,14846,14845,,,UNRESOLVED
477,14845,14846,,,UNRESOLVED
480,15027,16276,,,UNRESOLVED
479,16276,15027,,,UNRESOLVED
485,16016,14654,,,UNRESOLVED
484,14654,16016,,,UNRESOLVED
488,15633,15995,,,UNRESOLVED
487,15995,15633,,,UNRESOLVED
490,15537,15536,,,UNRESOLVED
489,15536,15537,,,UNRESOLVED
492,15582,16044,,,UNRESOLVED
491,16044,15582,,,UNRESOLVED
495,16136,14978,,,UNRESOLVED
493,14978,16136,,,UNRESOLVED
497,14883,14347,,,UNRESOLVED
23,14347,14883,,,UNRESOLVED
501,15783,15566,,,UNRESOLVED
295,15566,15783,,,UNRESOLVED
502,14839,15782,,,UNRESOLVED
296,15782,14839,,,UNRESOLVED
503,14836,15780,,,UNRESOLVED
301,15780,14836,,,UNRESOLVED
505,14724,15061,,,UNRESOLVED
242,15061,14724,,,UNRESOLVED
507,15063,15067,,,UNRESOLVED
506,15067,15063,,,UNRESOLVED
509,15227,14726,,,UNRESOLVED
508,14726,15227,,,UNRESOLVED
511,14431,15066,,,UNRESOLVED
510,15066,14431,,,UNRESOLVED
513,15228,15065,,,UNRESOLVED
512,15065,15228,,,UNRESOLVED
515,14725,15064,,,UNRESOLVED
514,15064,14725,,,UNRESOLVED
518,14719,14720,,,UNRESOLVED
498,14720,14719,,,UNRESOLVED
528,14735,15039,,,UNRESOLVED
527,15039,14735,,,UNRESOLVED
530,14736,16174,,,UNRESOLVED
529,16174,14736,,,UNRESOLVED
532,14737,16173,,,UNRESOLVED
531,16173,14737,,,UNRESOLVED
534,14738,16172,,,UNRESOLVED
533,16172,14738,,,UNRESOLVED
536,15119,15038,,,UNRESOLVED
535,15038,15119,,,UNRESOLVED
538,14739,16171,,,UNRESOLVED
537,16171,14739,,,UNRESOLVED
540,15120,15037,,,UNRESOLVED
539,15037,15120,,,UNRESOLVED
544,16176,15123,,,UNRESOLVED
543,15123,16176,,,UNRESOLVED
546,16177,14743,,,UNRESOLVED
545,14743,16177,,,UNRESOLVED
564,15626,14856,4745,4741,LIKELY_BUG
563,14856,15626,4741,4745,LIKELY_BUG
565,15627,15391,,,UNRESOLVED
562,15391,15627,,,UNRESOLVED
601,14688,15297,,,UNRESOLVED
559,15297,14688,,,UNRESOLVED
604,16349,16350,,,UNRESOLVED
603,16350,16349,,,UNRESOLVED
606,16353,16352,,,UNRESOLVED
605,16352,16353,,,UNRESOLVED
615,15042,14742,,,UNRESOLVED
547,14742,15042,,,UNRESOLVED
617,42959,16178,,,UNRESOLVED
616,16178,42959,,,UNRESOLVED
644,16025,16024,,,UNRESOLVED
30,16024,16025,,,UNRESOLVED
645,15475,15896,,,UNRESOLVED
643,15896,15475,,,UNRESOLVED
710,1108,16298,,,UNRESOLVED
709,16298,1108,,,UNRESOLVED
781,32719,31181,,,UNRESOLVED
775,31181,32719,,,UNRESOLVED
783,16356,16355,,,UNRESOLVED
782,16355,16356,,,UNRESOLVED
785,16358,16359,,,UNRESOLVED
784,16359,16358,,,UNRESOLVED
813,1900,16312,,,UNRESOLVED
812,16312,1900,,,UNRESOLVED
833,14912,15253,,,UNRESOLVED
832,15253,14912,,,UNRESOLVED
835,16075,15364,,,UNRESOLVED
834,15364,16075,,,UNRESOLVED
839,15505,15363,,,UNRESOLVED
838,15363,15505,,,UNRESOLVED
866,16074,15361,,,UNRESOLVED
865,15361,16074,,,UNRESOLVED
889,15252,15251,,,UNRESOLVED
888,15251,15252,,,UNRESOLVED
926,15423,15448,,,UNRESOLVED
925,15448,15423,,,UNRESOLVED
929,14512,15420,,,UNRESOLVED
928,15420,14512,,,UNRESOLVED
958,55477,55476,,,UNRESOLVED
957,55476,55477,,,UNRESOLVED
964,5648,16311,,,UNRESOLVED
963,16311,5648,,,UNRESOLVED
985,5013,63157,15167,1370,LIKELY_BUG
984,63157,5013,1370,15167,LIKELY_BUG
990,75332,75333,,,UNRESOLVED
989,75333,75332,,,UNRESOLVED
1052,60277,6243,,,UNRESOLVED
1051,6243,60277,,,UNRESOLVED
1074,14994,15079,,,UNRESOLVED
1073,15079,14994,,,UNRESOLVED
1079,15999,16000,,,UNRESOLVED
1078,16000,15999,,,UNRESOLVED
1083,16920,16921,,,UNRESOLVED
1082,16921,16920,,,UNRESOLVED
1097,63478,63479,,,UNRESOLVED
1096,63479,63478,,,UNRESOLVED
1117,7917,16295,,,UNRESOLVED
1116,16295,7917,,,UNRESOLVED
1154,6969,16297,,,UNRESOLVED
1153,16297,6969,,,UNRESOLVED
1160,17307,8506,2058,12151,LIKELY_BUG
1159,8506,17307,12151,2058,LIKELY_BUG
1187,15587,16277,,,UNRESOLVED
224,16277,15587,,,UNRESOLVED
35,14679,15244,,,UNRESOLVED
36,15819,15820,,,UNRESOLVED
37,15820,15819,,,UNRESOLVED
49,15836,14888,,,UNRESOLVED
66,14339,15296,,,UNRESOLVED
243,15072,14386,,,UNRESOLVED
320,15576,14849,,,UNRESOLVED
333,16289,16294,,,UNRESOLVED
344,14949,14970,,,UNRESOLVED
345,15870,14448,,,UNRESOLVED
346,15812,14968,,,UNRESOLVED
347,14967,15289,,,UNRESOLVED
348,14948,14966,,,UNRESOLVED
350,14962,15809,4542,4579,LIKELY_BUG
351,14964,15811,,,UNRESOLVED
352,14493,14965,,,UNRESOLVED
359,14491,14962,10569,4542,LIKELY_BUG
360,15867,16138,,,UNRESOLVED
642,75989,75992,,,UNRESOLVED
701,53875,53874,,,UNRESOLVED
724,15588,16053,,,UNRESOLVED
726,42321,42320,,,UNRESOLVED
727,42320,42321,,,UNRESOLVED
773,15273,15271,4263,4263,BENIGN_MERGE
774,15939,15274,,4260,UNRESOLVED
855,3015,14988,,,UNRESOLVED
856,14988,7805,,,UNRESOLVED
857,14987,14985,,,UNRESOLVED
858,3943,14987,4462,,UNRESOLVED
863,16304,4989,,,UNRESOLVED
868,15362,6030,4210,4211,LIKELY_BUG
869,5383,45379,,,UNRESOLVED
870,13525,45519,,8861,UNRESOLVED
896,1215,14914,,,UNRESOLVED
897,14915,1221,,4328,UNRESOLVED
898,13797,15254,,,UNRESOLVED
899,14913,3627,4323,4327,LIKELY_BUG
1177,16290,5927,,,UNRESOLVED
1178,5927,16290,,,UNRESOLVED
1208,1124,14670,,,UNRESOLVED
