old_turn_oid_a,old_turn_oid_b,self_check_a,self_check_b,other_streets_at_junction,has_real_intersection
30,29,True,True,CONNAUGHT;NORWOOD;QUINPOOL,True
34,33,True,True,LEMARCHANT;SEYMOUR;UNIVERSITY,True
36,35,True,True,HENRY;SEYMOUR;UNIVERSITY,True
39,38,True,True,EDWARD;ROBIE;UNIVERSITY,True
56,55,True,True,INGLIS;ROBIE;ROXTON,True
58,57,True,True,BELMONT;INGLIS;ROBIE,True
60,59,True,True,BELMONT;OAKLAND;ROBIE,True
62,61,True,True,FRASER;OAKLAND;ROBIE,True
64,63,True,True,FRASER;ROBIE;SOUTH,True
66,41,True,True,COLLEGE;ROBIE;UNIVERSITY,True
70,69,True,True,BLISS;COBURG;ROBIE;SPRING GARDEN,True
72,71,True,True,BINNEY;BLISS;ROBIE,True
74,73,True,True,BINNEY;JUBILEE;ROBIE;VETERANS MEMORIAL,True
76,75,True,True,CEDAR;JUBILEE;ROBIE;VETERANS MEMORIAL,True
102,101,True,True,COGSWELL;CREIGHTON;GOTTINGEN,True
107,106,True,True,HARBOURVIEW;OGILVIE;YOUNG,True
109,108,True,True,HARBOURVIEW;SOUTHWOOD;YOUNG,True
113,112,True,True,ATLANTIC;INGLIS;SOUTH PARK;YOUNG,True
118,117,True,True,MUMFORD;TA16;UNDER REVIEW  262,True
215,214,True,True,BURNSIDE;HIGHFIELD PARK;HIGHWAY 111 EB EXIT 3 OFF;HIGHWAY 111 EB EXIT 3 ON,True
218,217,True,True,BROWNLOW;COMMODORE,True
220,219,True,True,BROWNLOW;COMMODORE,True
227,223,True,True,COMMODORE;FINLAY;JOHN SAVAGE;LAMONT,True
228,224,True,True,COMMODORE;FINLAY;LAMONT,True
229,226,True,True,COMMODORE;FINLAY;LAMONT;LEMLAIR,True
231,230,True,True,LAMONT;LEMLAIR,True
233,232,True,True,COMMODORE;COUNTRYVIEW;GALE,True
236,225,True,True,COMMODORE;COUNTRYVIEW;FINLAY;GALE;LAMONT,True
238,237,True,True,COUNTRYVIEW;HECTOR,True
241,240,True,True,COUNTRYVIEW;LOGIEALMOND;MCCLURE,True
243,242,True,True,COUNTRYVIEW;FERINDONALD;LOGIEALMOND,True
245,244,True,True,COUNTRYVIEW;FERINDONALD;SHUBIE,True
254,253,True,True,DRUM;FINLAY;MCCLURE;SHUBIE,True
256,255,True,True,FINLAY;MCCLURE,True
258,251,True,True,CUTLER;FINLAY;WILKINSON;WRIGHT,True
260,259,True,True,BURBRIDGE;WILKINSON;WRIGHT,True
269,268,True,True,HIGHFIELD PARK;PRIMROSE;VICTORIA,True
271,270,True,True,FARRELL;PRIMROSE;VICTORIA,True
285,284,True,True,BROOKDALE;GLEN MANOR;MICMAC,True
292,289,True,True,GRAHAMS;GRAHAMS GRV TO MAIN;HIGHWAY 111 EB EXIT 6A OFF,True
296,295,True,True,GORDON;TACOMA,True
298,297,True,True,GORDON;TACOMA,True
300,299,True,True,MAIN,True
302,301,True,True,HARTLEN;MAIN,True
314,313,True,True,GREEN VILLAGE;OPALRIDGE;PORTLAND,True
328,327,True,True,PORTLAND;PORTLAND ESTATES;SPRING,True
340,339,True,True,CONNAUGHT;CORK;YOUNG,True
342,341,True,True,CONNAUGHT;CORK;LIVERPOOL,True
344,343,True,True,CONNAUGHT;LIVERPOOL;LONDON,True
346,345,True,True,CONNAUGHT;EDINBURGH;LONDON,True
348,347,True,True,ALMON;CONNAUGHT;EDINBURGH,True
350,349,True,True,ALMON;BERLIN;CONNAUGHT,True
354,337,True,True,CONNAUGHT;EDGEWOOD;ROSLYN,True
356,355,True,True,CHESTER;CONNAUGHT;EDGEWOOD,True
359,357,True,True,CHESTER;CONNAUGHT;REGENT,True
376,375,True,True,AGRICOLA;KAYE;YOUNG,True
378,377,True,True,AGRICOLA;HENNESSEY;KAYE,True
380,379,True,True,AGRICOLA;HENNESSEY;KANE,True
382,381,True,True,AGRICOLA;KANE;LIVINGSTONE,True
386,385,True,True,AGRICOLA;COLUMBUS;STANLEY,True
388,387,True,True,AGRICOLA;COLUMBUS;MERKEL,True
391,390,True,True,AGRICOLA;CABOT;SEBASTIAN,True
393,392,True,True,AGRICOLA;DUFFUS;SEBASTIAN,True
395,394,True,True,AGRICOLA;DUFFUS;HIGHLAND;HILLSIDE,True
397,396,True,True,DARTMOUTH;ROOME,True
402,401,True,True,DEVONSHIRE;KENNY,True
404,403,True,True,DEVONSHIRE;KENNY;UNION,True
406,405,True,True,KENNY;NOVALEA;STANLEY;UNION,True
411,410,True,True,ALBERT;DEVONSHIRE;RICHMOND,True
413,412,True,True,DEVONSHIRE;HANOVER;RICHMOND,True
415,414,True,True,DEVONSHIRE;HANOVER;VINCENT,True
419,418,True,True,DEVONSHIRE;KAYE;YOUNG,True
427,426,True,True,CHAIN LAKE;CRANE LAKE;LAKELANDS,True
429,428,True,True,CHAIN LAKE;CRANE LAKE;MCQUADE LAKE,True
447,446,True,True,CHAIN LAKE;HOBSONS LAKE;HORSESHOE LAKE,True
452,451,True,True,HIGHWAY 102 NB EXIT 2A OFF;HIGHWAY 102 NB EXIT 2A ON;HIGHWAY 102 SB EXIT 2A OFF;HIGHWAY 102 SB EXIT 2A ON;LACEWOOD,True
454,453,True,True,FAIRFAX;HIGHWAY 102 NB EXIT 2A OFF;HIGHWAY 102 NB EXIT 2A ON;LACEWOOD,True
464,463,True,True,CAXTON;LACEWOOD;WILLETT,True
471,470,True,True,DUNBRACK;KNIGHTSRIDGE;LANGBRAE;LINCOLN;RADCLIFFE,True
473,472,True,True,DUNBRACK;FARNHAM GATE;KNIGHTSRIDGE;LANGBRAE;RUTH GOLDBLOOM,True
475,474,True,True,DUNBRACK;FARNHAM GATE;ROSS;RUTH GOLDBLOOM;WENTWORTH,True
477,476,True,True,DUNBRACK;ROSS;WENTWORTH,True
479,478,True,True,DONALDSON;DUNBRACK;KEARNEY LAKE,True
482,481,True,True,BIRKDALE;DUNBRACK;WILLETT,True
491,490,True,True,ABERCROMBIE;MAIN;WASHMILL LAKE,True
493,492,True,True,MAIN;WASHMILL LAKE,True
507,506,True,True,BEDFORD;NELSONS LANDING;PERUZ,True
522,521,True,True,ARSENAL;SHALE,True
524,523,True,True,ARSENAL,True
526,525,True,True,NICKEL,True
528,527,True,True,JETTY,True
530,529,True,True,JETTY,True
532,531,True,True,JETTY,True
534,533,True,True,NICKEL,True
536,535,True,True,NICKEL,True
542,541,True,True,AKERLEY;FIELDING;MOSHER,True
551,550,True,True,ANGUS L MACDONALD;NANTUCKET;WYSE,True
558,557,True,True,DAWSON;FAULKNER;WYSE,True
560,559,True,True,DAWSON;WYSE,True
561,267,True,True,HIGHFIELD PARK;VICTORIA,True
566,564,True,True,HIGHWAY 111 WB EXIT 1 OFF;PRINCESS MARGARET,True
568,567,True,True,HIGHWAY 111 WB EXIT 1 OFF;PRINCESS MARGARET,True
570,569,True,True,PRINCESS MARGARET,True
572,571,True,True,GLEBE;KENCREST,True
574,573,True,True,WILDWOOD,True
579,578,True,True,HIGHWAY 111 EB EXIT 8 OFF;HIGHWAY 111 EB EXIT 8 ON;HIGHWAY 111 WB EXIT 8 OFF;HIGHWAY 111 WB EXIT 8 ON;MOUNT HOPE,True
582,581,True,True,PLEASANT,True
584,583,True,True,MARINE PARADE,True
586,585,True,True,BONAVENTURE,True
589,587,True,True,EVANS,True
593,37,True,True,EDWARD;HENRY;UNIVERSITY,True
597,383,True,True,AGRICOLA;LIVINGSTONE;STAIRS,True
598,384,True,True,AGRICOLA;STAIRS;STANLEY,True
599,389,True,True,AGRICOLA;CABOT;MERKEL,True
601,329,True,True,PORTLAND;PORTLAND ESTATES;SPRING,True
603,602,True,True,BARRY ALLEN;PORTLAND ESTATES,True
605,604,True,True,BARRY ALLEN;JOSEPHINE;PORTLAND ESTATES,True
607,606,True,True,JOAN ELEANOR;JOSEPHINE;PORTLAND ESTATES,True
609,608,True,True,BARRY ALLEN;JOAN ELEANOR;PORTLAND ESTATES,True
611,610,True,True,BARRY ALLEN;PORTLAND ESTATES,True
614,594,True,True,PORTLAND;PORTLAND HILLS;REGAL,True
624,623,True,True,ALDERNEY;KING;KINGS WHARF;PRINCE,True
626,625,True,True,ALDERNEY;PORTLAND;PRINCE,True
628,627,True,True,ALDERNEY;PORTLAND;QUEEN,True
630,629,True,True,ALDERNEY;OCHTERLONEY;QUEEN,True
632,631,True,True,ALDERNEY;NORTH;OCHTERLONEY,True
634,633,True,True,ALDERNEY;CHURCH;NORTH,True
636,635,True,True,ALDERNEY;CHURCH;FLOTILLA;WINDMILL,True
640,639,True,True,HARE;MOTT;WINDMILL,True
642,641,True,True,BEST;MOTT;WINDMILL,True
662,661,True,True,CHOCOLATE LAKE;HERRING COVE;PURCELLS COVE,True
663,660,True,True,CHOCOLATE LAKE;HERRING COVE;PURCELLS COVE,True
711,656,True,True,PARKER;QUINPOOL;WINDSOR,True
714,713,True,True,OLD BEAVER BANK;SACKVILLE,True
716,715,True,True,SACKVILLE,True
1054,643,True,True,BEST;LYLE;WINDMILL,True
1056,1055,True,True,LYLE;WINDMILL,True
2016,44,True,True,COLLEGE;SUMMER;UNIVERSITY,True
2017,2015,True,True,COLLEGE;SPRING GARDEN;SUMMER,True
3068,3067,True,True,HIGHWAY 2;ROCKY LAKE;WAVERLEY,True
3317,3311,True,True,BEDFORD BY-PASS NB OFF;COBEQUID;FULTZ HOUSE;LEGACY;TA29,True
3319,3318,True,True,SACKVILLE,True
3321,3320,True,True,SACKVILLE,True
3352,3351,True,True,CROOKED STICK,True
3372,3371,True,True,BALLYBUNION;SANDY,True
3374,3373,True,True,GLEN ARBOUR,True
3379,3378,True,True,HAMMONDS PLAINS;VOYAGEUR,True
3422,3421,True,True,BEECHVILLE PARK;ST MARGARETS BAY,True
3446,3445,True,True,WESTWOOD,True
3490,3489,True,True,CONROD SETTLEMENT;EAST CHEZZETCOOK;HERITAGE VIEW;HIGHWAY 7,True
3493,3492,True,True,CLAM HARBOUR;NEBOOKTOOK,True
3522,3521,True,True,JERSEY;PORTLAND,True
3528,3527,True,True,CALDWELL;MORRIS LAKE,True
3554,3553,True,True,HIGHWAY 111 EB EXIT 5 OFF;HIGHWAY 111 EB EXIT 5 ON;HIGHWAY 111 WB EXIT 5 OFF;HIGHWAY 111 WB EXIT 5 ON;LAKESHORE PARK;MICMAC,True
3560,3559,True,True,FERINDONALD;HECTOR,True
3623,3622,True,True,THISTLE;WYSE,True
3661,3660,True,True,SCIENCE PARK;SYMONDS,True
3666,3665,True,True,INNOVATION,True
3670,3669,True,True,BEDROS;LARRY UTECK;STARBOARD,True
3685,3684,True,True,PARKLAND,True
3705,3704,True,True,THOMAS RADDALL,True
3746,3745,True,True,DRYSDALE;HERRING COVE,True
3931,649,True,True,QUINPOOL,True
3936,3935,True,True,CHEBUCTO;MACDONALD;MUMFORD;WESTMOUNT;WILLIAM HUNT,True
4572,309,True,True,FENWICK;HASTINGS;PRINCE ARTHUR,True
